0.000176071,Kandy Proper,01/01/2019,02/01/2019
9.22E-05,Kandy Proper,02/01/2019,03/01/2019
,Kandy Proper,03/01/2019,04/01/2019
0.000190868,Kandy Proper,04/01/2019,05/01/2019
0.000121952,Kandy Proper,05/01/2019,06/01/2019
-6.51E-05,Kandy Proper,06/01/2019,07/01/2019
0.000163238,Kandy Proper,07/01/2019,08/01/2019
-6.74E-05,Kandy Proper,08/01/2019,09/01/2019
0.000127969,Kandy Proper,09/01/2019,10/01/2019
4.55E-05,Kandy Proper,10/01/2019,11/01/2019
3.60E-05,Kandy Proper,11/01/2019,12/01/2019
0.000128663,Kandy Proper,12/01/2019,13/01/2019
,Kandy Proper,13/01/2019,14/01/2019
,Kandy Proper,14/01/2019,15/01/2019
9.64E-05,Kandy Proper,15/01/2019,16/01/2019
,Kandy Proper,16/01/2019,17/01/2019
0.000120097,Kandy Proper,17/01/2019,18/01/2019
-0.000119725,Kandy Proper,18/01/2019,19/01/2019
0.000282526,Kandy Proper,19/01/2019,20/01/2019
7.15E-05,Kandy Proper,20/01/2019,21/01/2019
0.000283374,Kandy Proper,21/01/2019,22/01/2019
0.000265941,Kandy Proper,22/01/2019,23/01/2019
5.86E-05,Kandy Proper,23/01/2019,24/01/2019
-3.94E-06,Kandy Proper,24/01/2019,25/01/2019
0.000109293,Kandy Proper,25/01/2019,26/01/2019
7.04E-05,Kandy Proper,26/01/2019,27/01/2019
0.000164706,Kandy Proper,27/01/2019,28/01/2019
0.000113018,Kandy Proper,28/01/2019,29/01/2019
0.000114127,Kandy Proper,29/01/2019,30/01/2019
-3.00E-05,Kandy Proper,30/01/2019,31/01/2019
1.51E-05,Kandy Proper,31/01/2019,01/02/2019
9.51E-05,Kandy Proper,01/02/2019,02/02/2019
3.07E-05,Kandy Proper,02/02/2019,03/02/2019
,Kandy Proper,03/02/2019,04/02/2019
,Kandy Proper,04/02/2019,05/02/2019
,Kandy Proper,05/02/2019,06/02/2019
3.52E-05,Kandy Proper,06/02/2019,07/02/2019
0.000144733,Kandy Proper,07/02/2019,08/02/2019
7.65E-05,Kandy Proper,08/02/2019,09/02/2019
,Kandy Proper,09/02/2019,10/02/2019
,Kandy Proper,10/02/2019,11/02/2019
6.34E-05,Kandy Proper,11/02/2019,12/02/2019
6.10E-05,Kandy Proper,12/02/2019,13/02/2019
,Kandy Proper,13/02/2019,14/02/2019
,Kandy Proper,14/02/2019,15/02/2019
1.87E-05,Kandy Proper,15/02/2019,16/02/2019
,Kandy Proper,16/02/2019,17/02/2019
0.000152574,Kandy Proper,17/02/2019,18/02/2019
0.000131606,Kandy Proper,18/02/2019,19/02/2019
5.40E-05,Kandy Proper,19/02/2019,20/02/2019
3.13E-05,Kandy Proper,20/02/2019,21/02/2019
-1.98E-06,Kandy Proper,21/02/2019,22/02/2019
0.000114891,Kandy Proper,22/02/2019,23/02/2019
0.000211879,Kandy Proper,23/02/2019,24/02/2019
3.66E-05,Kandy Proper,24/02/2019,25/02/2019
4.49E-05,Kandy Proper,25/02/2019,26/02/2019
,Kandy Proper,26/02/2019,27/02/2019
,Kandy Proper,27/02/2019,28/02/2019
,Kandy Proper,28/02/2019,01/03/2019
,Kandy Proper,01/03/2019,02/03/2019
0.000113649,Kandy Proper,02/03/2019,03/03/2019
0.000112062,Kandy Proper,03/03/2019,04/03/2019
0.000253055,Kandy Proper,04/03/2019,05/03/2019
0.000232665,Kandy Proper,05/03/2019,06/03/2019
0.000128405,Kandy Proper,06/03/2019,07/03/2019
0.000164611,Kandy Proper,07/03/2019,08/03/2019
0.000177512,Kandy Proper,08/03/2019,09/03/2019
,Kandy Proper,09/03/2019,10/03/2019
0.000113804,Kandy Proper,10/03/2019,11/03/2019
0.000163892,Kandy Proper,11/03/2019,12/03/2019
0.000176408,Kandy Proper,12/03/2019,13/03/2019
4.22E-05,Kandy Proper,13/03/2019,14/03/2019
0.000162008,Kandy Proper,14/03/2019,15/03/2019
0.000110414,Kandy Proper,15/03/2019,16/03/2019
0.000198184,Kandy Proper,16/03/2019,17/03/2019
0.000183151,Kandy Proper,17/03/2019,18/03/2019
-4.02E-05,Kandy Proper,18/03/2019,19/03/2019
0.000206753,Kandy Proper,19/03/2019,20/03/2019
0.000147388,Kandy Proper,20/03/2019,21/03/2019
,Kandy Proper,21/03/2019,22/03/2019
0.000179046,Kandy Proper,22/03/2019,23/03/2019
,Kandy Proper,23/03/2019,24/03/2019
0.000247192,Kandy Proper,24/03/2019,25/03/2019
0.000219244,Kandy Proper,25/03/2019,26/03/2019
9.91E-05,Kandy Proper,26/03/2019,27/03/2019
0.000233303,Kandy Proper,27/03/2019,28/03/2019
0.000280242,Kandy Proper,28/03/2019,29/03/2019
0.000358996,Kandy Proper,29/03/2019,30/03/2019
0.000179015,Kandy Proper,30/03/2019,31/03/2019
0.000292723,Kandy Proper,31/03/2019,01/04/2019
0.000309921,Kandy Proper,01/04/2019,02/04/2019
0.000170795,Kandy Proper,02/04/2019,03/04/2019
0.000242771,Kandy Proper,03/04/2019,04/04/2019
0.000233805,Kandy Proper,04/04/2019,05/04/2019
0.000162753,Kandy Proper,05/04/2019,06/04/2019
0.00017252,Kandy Proper,06/04/2019,07/04/2019
0.000270485,Kandy Proper,07/04/2019,08/04/2019
0.000263223,Kandy Proper,08/04/2019,09/04/2019
0.000220327,Kandy Proper,09/04/2019,10/04/2019
,Kandy Proper,10/04/2019,11/04/2019
,Kandy Proper,11/04/2019,12/04/2019
0.000211946,Kandy Proper,12/04/2019,13/04/2019
8.44E-05,Kandy Proper,13/04/2019,14/04/2019
,Kandy Proper,14/04/2019,15/04/2019
,Kandy Proper,15/04/2019,16/04/2019
,Kandy Proper,16/04/2019,17/04/2019
,Kandy Proper,17/04/2019,18/04/2019
0.000136739,Kandy Proper,18/04/2019,19/04/2019
0.000150207,Kandy Proper,19/04/2019,20/04/2019
-0.000214209,Kandy Proper,20/04/2019,21/04/2019
0.000133053,Kandy Proper,21/04/2019,22/04/2019
0.000265266,Kandy Proper,22/04/2019,23/04/2019
0.000189701,Kandy Proper,23/04/2019,24/04/2019
0.0001152,Kandy Proper,24/04/2019,25/04/2019
,Kandy Proper,25/04/2019,26/04/2019
,Kandy Proper,26/04/2019,27/04/2019
,Kandy Proper,27/04/2019,28/04/2019
0.000173881,Kandy Proper,28/04/2019,29/04/2019
,Kandy Proper,29/04/2019,30/04/2019
,Kandy Proper,30/04/2019,01/05/2019
,Kandy Proper,01/05/2019,02/05/2019
,Kandy Proper,02/05/2019,03/05/2019
,Kandy Proper,03/05/2019,04/05/2019
0.000214124,Kandy Proper,04/05/2019,05/05/2019
7.56E-05,Kandy Proper,05/05/2019,06/05/2019
0.000162948,Kandy Proper,06/05/2019,07/05/2019
0.000149201,Kandy Proper,07/05/2019,08/05/2019
0.000165925,Kandy Proper,08/05/2019,09/05/2019
0.000147234,Kandy Proper,09/05/2019,10/05/2019
0.000240621,Kandy Proper,10/05/2019,11/05/2019
0.000177408,Kandy Proper,11/05/2019,12/05/2019
7.85E-05,Kandy Proper,12/05/2019,13/05/2019
8.48E-05,Kandy Proper,13/05/2019,14/05/2019
0.000256593,Kandy Proper,14/05/2019,15/05/2019
0.000108439,Kandy Proper,15/05/2019,16/05/2019
0.000258151,Kandy Proper,16/05/2019,17/05/2019
0.000162673,Kandy Proper,17/05/2019,18/05/2019
0.000131618,Kandy Proper,18/05/2019,19/05/2019
0.000184642,Kandy Proper,19/05/2019,20/05/2019
0.000193141,Kandy Proper,20/05/2019,21/05/2019
0.000108728,Kandy Proper,21/05/2019,22/05/2019
,Kandy Proper,22/05/2019,23/05/2019
0.000328325,Kandy Proper,23/05/2019,24/05/2019
0.000101329,Kandy Proper,24/05/2019,25/05/2019
-1.12E-05,Kandy Proper,25/05/2019,26/05/2019
0.00010027,Kandy Proper,26/05/2019,27/05/2019
0.00019206,Kandy Proper,27/05/2019,28/05/2019
0.00017668,Kandy Proper,28/05/2019,29/05/2019
0.000270799,Kandy Proper,29/05/2019,30/05/2019
0.000267879,Kandy Proper,30/05/2019,31/05/2019
0.000148419,Kandy Proper,31/05/2019,01/06/2019
2.74E-05,Kandy Proper,01/06/2019,02/06/2019
0.00013724,Kandy Proper,02/06/2019,03/06/2019
,Kandy Proper,03/06/2019,04/06/2019
0.000110295,Kandy Proper,04/06/2019,05/06/2019
,Kandy Proper,05/06/2019,06/06/2019
,Kandy Proper,06/06/2019,07/06/2019
,Kandy Proper,07/06/2019,08/06/2019
,Kandy Proper,08/06/2019,09/06/2019
0.000129823,Kandy Proper,09/06/2019,10/06/2019
,Kandy Proper,10/06/2019,11/06/2019
9.30E-05,Kandy Proper,11/06/2019,12/06/2019
,Kandy Proper,12/06/2019,13/06/2019
0.000122775,Kandy Proper,13/06/2019,14/06/2019
,Kandy Proper,14/06/2019,15/06/2019
0.000110979,Kandy Proper,15/06/2019,16/06/2019
8.98E-05,Kandy Proper,16/06/2019,17/06/2019
1.57E-07,Kandy Proper,17/06/2019,18/06/2019
7.38E-05,Kandy Proper,18/06/2019,19/06/2019
0.000113737,Kandy Proper,19/06/2019,20/06/2019
,Kandy Proper,20/06/2019,21/06/2019
,Kandy Proper,21/06/2019,22/06/2019
-7.30E-05,Kandy Proper,22/06/2019,23/06/2019
-3.88E-06,Kandy Proper,23/06/2019,24/06/2019
,Kandy Proper,24/06/2019,25/06/2019
,Kandy Proper,25/06/2019,26/06/2019
2.52E-05,Kandy Proper,26/06/2019,27/06/2019
7.84E-05,Kandy Proper,27/06/2019,28/06/2019
6.98E-05,Kandy Proper,28/06/2019,29/06/2019
8.64E-05,Kandy Proper,29/06/2019,30/06/2019
5.77E-05,Kandy Proper,30/06/2019,01/07/2019
4.85E-05,Kandy Proper,01/07/2019,02/07/2019
7.02E-05,Kandy Proper,02/07/2019,03/07/2019
7.36E-05,Kandy Proper,03/07/2019,04/07/2019
6.85E-05,Kandy Proper,04/07/2019,05/07/2019
0.000126987,Kandy Proper,05/07/2019,06/07/2019
8.12E-05,Kandy Proper,06/07/2019,07/07/2019
0.000107806,Kandy Proper,07/07/2019,08/07/2019
0.000175599,Kandy Proper,08/07/2019,09/07/2019
,Kandy Proper,09/07/2019,10/07/2019
0.000162981,Kandy Proper,10/07/2019,11/07/2019
5.64E-05,Kandy Proper,11/07/2019,12/07/2019
0.000170174,Kandy Proper,12/07/2019,13/07/2019
0.000122417,Kandy Proper,13/07/2019,14/07/2019
8.96E-05,Kandy Proper,14/07/2019,15/07/2019
,Kandy Proper,15/07/2019,16/07/2019
4.53E-05,Kandy Proper,16/07/2019,17/07/2019
,Kandy Proper,17/07/2019,18/07/2019
,Kandy Proper,18/07/2019,19/07/2019
,Kandy Proper,19/07/2019,20/07/2019
,Kandy Proper,20/07/2019,21/07/2019
,Kandy Proper,21/07/2019,22/07/2019
,Kandy Proper,22/07/2019,23/07/2019
4.79E-05,Kandy Proper,23/07/2019,24/07/2019
2.92E-06,Kandy Proper,24/07/2019,25/07/2019
,Kandy Proper,25/07/2019,26/07/2019
,Kandy Proper,26/07/2019,27/07/2019
0.0001363,Kandy Proper,27/07/2019,28/07/2019
0.000141012,Kandy Proper,28/07/2019,29/07/2019
0.000110868,Kandy Proper,29/07/2019,30/07/2019
0.000126974,Kandy Proper,30/07/2019,31/07/2019
,Kandy Proper,31/07/2019,01/08/2019
8.45E-05,Kandy Proper,01/08/2019,02/08/2019
8.56E-05,Kandy Proper,02/08/2019,03/08/2019
0.000162913,Kandy Proper,03/08/2019,04/08/2019
-6.72E-05,Kandy Proper,04/08/2019,05/08/2019
1.37E-05,Kandy Proper,05/08/2019,06/08/2019
,Kandy Proper,06/08/2019,07/08/2019
,Kandy Proper,07/08/2019,08/08/2019
,Kandy Proper,08/08/2019,09/08/2019
,Kandy Proper,09/08/2019,10/08/2019
,Kandy Proper,10/08/2019,11/08/2019
,Kandy Proper,11/08/2019,12/08/2019
,Kandy Proper,12/08/2019,13/08/2019
,Kandy Proper,13/08/2019,14/08/2019
,Kandy Proper,14/08/2019,15/08/2019
0.000127953,Kandy Proper,15/08/2019,16/08/2019
-0.000134146,Kandy Proper,16/08/2019,17/08/2019
,Kandy Proper,17/08/2019,18/08/2019
5.18E-06,Kandy Proper,18/08/2019,19/08/2019
7.34E-05,Kandy Proper,19/08/2019,20/08/2019
9.68E-05,Kandy Proper,20/08/2019,21/08/2019
,Kandy Proper,21/08/2019,22/08/2019
,Kandy Proper,22/08/2019,23/08/2019
,Kandy Proper,23/08/2019,24/08/2019
-9.74E-05,Kandy Proper,24/08/2019,25/08/2019
,Kandy Proper,25/08/2019,26/08/2019
,Kandy Proper,26/08/2019,27/08/2019
,Kandy Proper,27/08/2019,28/08/2019
,Kandy Proper,28/08/2019,29/08/2019
0.000108315,Kandy Proper,29/08/2019,30/08/2019
,Kandy Proper,30/08/2019,31/08/2019
-2.73E-05,Kandy Proper,31/08/2019,01/09/2019
,Kandy Proper,01/09/2019,02/09/2019
0.000103544,Kandy Proper,02/09/2019,03/09/2019
0.000125195,Kandy Proper,03/09/2019,04/09/2019
,Kandy Proper,04/09/2019,05/09/2019
,Kandy Proper,05/09/2019,06/09/2019
,Kandy Proper,06/09/2019,07/09/2019
,Kandy Proper,07/09/2019,08/09/2019
0.000130847,Kandy Proper,08/09/2019,09/09/2019
6.44E-05,Kandy Proper,09/09/2019,10/09/2019
-4.49E-06,Kandy Proper,10/09/2019,11/09/2019
,Kandy Proper,11/09/2019,12/09/2019
3.85E-05,Kandy Proper,12/09/2019,13/09/2019
5.47E-05,Kandy Proper,13/09/2019,14/09/2019
2.71E-05,Kandy Proper,14/09/2019,15/09/2019
,Kandy Proper,15/09/2019,16/09/2019
,Kandy Proper,16/09/2019,17/09/2019
,Kandy Proper,17/09/2019,18/09/2019
,Kandy Proper,18/09/2019,19/09/2019
,Kandy Proper,19/09/2019,20/09/2019
,Kandy Proper,20/09/2019,21/09/2019
-7.11E-05,Kandy Proper,21/09/2019,22/09/2019
,Kandy Proper,22/09/2019,23/09/2019
,Kandy Proper,23/09/2019,24/09/2019
,Kandy Proper,24/09/2019,25/09/2019
,Kandy Proper,25/09/2019,26/09/2019
,Kandy Proper,26/09/2019,27/09/2019
0.000319154,Kandy Proper,27/09/2019,28/09/2019
,Kandy Proper,28/09/2019,29/09/2019
0.000165876,Kandy Proper,29/09/2019,30/09/2019
,Kandy Proper,30/09/2019,01/10/2019
-4.70E-05,Kandy Proper,01/10/2019,02/10/2019
-1.48E-05,Kandy Proper,02/10/2019,03/10/2019
7.28E-05,Kandy Proper,03/10/2019,04/10/2019
0.000135352,Kandy Proper,04/10/2019,05/10/2019
0.000211714,Kandy Proper,05/10/2019,06/10/2019
,Kandy Proper,06/10/2019,07/10/2019
,Kandy Proper,07/10/2019,08/10/2019
0.000259435,Kandy Proper,08/10/2019,09/10/2019
5.50E-05,Kandy Proper,09/10/2019,10/10/2019
0.000184301,Kandy Proper,10/10/2019,11/10/2019
,Kandy Proper,11/10/2019,12/10/2019
-8.12E-06,Kandy Proper,12/10/2019,13/10/2019
0.00016835,Kandy Proper,13/10/2019,14/10/2019
6.31E-05,Kandy Proper,14/10/2019,15/10/2019
7.17E-05,Kandy Proper,15/10/2019,16/10/2019
,Kandy Proper,16/10/2019,17/10/2019
,Kandy Proper,17/10/2019,18/10/2019
-5.45E-05,Kandy Proper,18/10/2019,19/10/2019
6.53E-06,Kandy Proper,19/10/2019,20/10/2019
,Kandy Proper,20/10/2019,21/10/2019
,Kandy Proper,21/10/2019,22/10/2019
,Kandy Proper,22/10/2019,23/10/2019
,Kandy Proper,23/10/2019,24/10/2019
,Kandy Proper,24/10/2019,25/10/2019
0.000128188,Kandy Proper,25/10/2019,26/10/2019
,Kandy Proper,26/10/2019,27/10/2019
,Kandy Proper,27/10/2019,28/10/2019
,Kandy Proper,28/10/2019,29/10/2019
0.000145188,Kandy Proper,29/10/2019,30/10/2019
,Kandy Proper,30/10/2019,31/10/2019
0.000158368,Kandy Proper,31/10/2019,01/11/2019
8.04E-06,Kandy Proper,01/11/2019,02/11/2019
0.00012067,Kandy Proper,02/11/2019,03/11/2019
,Kandy Proper,03/11/2019,04/11/2019
-1.15E-05,Kandy Proper,04/11/2019,05/11/2019
0.000106035,Kandy Proper,05/11/2019,06/11/2019
0.00019426,Kandy Proper,06/11/2019,07/11/2019
0.000121822,Kandy Proper,07/11/2019,08/11/2019
0.000108085,Kandy Proper,08/11/2019,09/11/2019
,Kandy Proper,09/11/2019,10/11/2019
,Kandy Proper,10/11/2019,11/11/2019
,Kandy Proper,11/11/2019,12/11/2019
0.000100782,Kandy Proper,12/11/2019,13/11/2019
0.000151877,Kandy Proper,13/11/2019,14/11/2019
8.00E-05,Kandy Proper,14/11/2019,15/11/2019
-6.18E-06,Kandy Proper,15/11/2019,16/11/2019
,Kandy Proper,16/11/2019,17/11/2019
0.000215709,Kandy Proper,17/11/2019,18/11/2019
,Kandy Proper,18/11/2019,19/11/2019
0.000250872,Kandy Proper,19/11/2019,20/11/2019
7.94E-05,Kandy Proper,20/11/2019,21/11/2019
0.00013185,Kandy Proper,21/11/2019,22/11/2019
,Kandy Proper,22/11/2019,23/11/2019
,Kandy Proper,23/11/2019,24/11/2019
,Kandy Proper,24/11/2019,25/11/2019
,Kandy Proper,25/11/2019,26/11/2019
,Kandy Proper,26/11/2019,27/11/2019
-0.000178888,Kandy Proper,27/11/2019,28/11/2019
,Kandy Proper,28/11/2019,29/11/2019
,Kandy Proper,29/11/2019,30/11/2019
,Kandy Proper,30/11/2019,01/12/2019
,Kandy Proper,01/12/2019,02/12/2019
,Kandy Proper,02/12/2019,03/12/2019
0.000325488,Kandy Proper,03/12/2019,04/12/2019
,Kandy Proper,04/12/2019,05/12/2019
,Kandy Proper,05/12/2019,06/12/2019
0.000113731,Kandy Proper,06/12/2019,07/12/2019
,Kandy Proper,07/12/2019,08/12/2019
5.00E-05,Kandy Proper,08/12/2019,09/12/2019
,Kandy Proper,09/12/2019,10/12/2019
0.000258143,Kandy Proper,10/12/2019,11/12/2019
8.17E-06,Kandy Proper,11/12/2019,12/12/2019
0.000123701,Kandy Proper,12/12/2019,13/12/2019
0.000107973,Kandy Proper,13/12/2019,14/12/2019
9.18E-05,Kandy Proper,14/12/2019,15/12/2019
0.000180621,Kandy Proper,15/12/2019,16/12/2019
0.000331217,Kandy Proper,16/12/2019,17/12/2019
,Kandy Proper,17/12/2019,18/12/2019
,Kandy Proper,18/12/2019,19/12/2019
,Kandy Proper,19/12/2019,20/12/2019
,Kandy Proper,20/12/2019,21/12/2019
1.33E-05,Kandy Proper,21/12/2019,22/12/2019
,Kandy Proper,22/12/2019,23/12/2019
9.87E-05,Kandy Proper,23/12/2019,24/12/2019
3.05E-05,Kandy Proper,24/12/2019,25/12/2019
,Kandy Proper,25/12/2019,26/12/2019
2.92E-05,Kandy Proper,26/12/2019,27/12/2019
4.87E-05,Kandy Proper,27/12/2019,28/12/2019
0.000243574,Kandy Proper,28/12/2019,29/12/2019
0.000168347,Kandy Proper,29/12/2019,30/12/2019
0.000140688,Kandy Proper,30/12/2019,31/12/2019
-1.10E-05,Kandy Proper,31/12/2019,01/01/2020
7.16E-05,Kandy Proper,01/01/2020,02/01/2020
3.49E-05,Kandy Proper,02/01/2020,03/01/2020
0.000123012,Kandy Proper,03/01/2020,04/01/2020
0.000164888,Kandy Proper,04/01/2020,05/01/2020
0.000153856,Kandy Proper,05/01/2020,06/01/2020
0.000138995,Kandy Proper,06/01/2020,07/01/2020
2.21E-05,Kandy Proper,07/01/2020,08/01/2020
5.98E-06,Kandy Proper,08/01/2020,09/01/2020
0.000159308,Kandy Proper,09/01/2020,10/01/2020
6.49E-05,Kandy Proper,10/01/2020,11/01/2020
-0.000101423,Kandy Proper,11/01/2020,12/01/2020
8.99E-05,Kandy Proper,12/01/2020,13/01/2020
0.000255274,Kandy Proper,13/01/2020,14/01/2020
7.21E-05,Kandy Proper,14/01/2020,15/01/2020
6.35E-06,Kandy Proper,15/01/2020,16/01/2020
-2.51E-06,Kandy Proper,16/01/2020,17/01/2020
,Kandy Proper,17/01/2020,18/01/2020
4.25E-06,Kandy Proper,18/01/2020,19/01/2020
6.61E-05,Kandy Proper,19/01/2020,20/01/2020
8.16E-05,Kandy Proper,20/01/2020,21/01/2020
0.000108243,Kandy Proper,21/01/2020,22/01/2020
,Kandy Proper,22/01/2020,23/01/2020
1.58E-05,Kandy Proper,23/01/2020,24/01/2020
2.56E-05,Kandy Proper,24/01/2020,25/01/2020
0.000128228,Kandy Proper,25/01/2020,26/01/2020
8.29E-05,Kandy Proper,26/01/2020,27/01/2020
-1.29E-05,Kandy Proper,27/01/2020,28/01/2020
0.000226189,Kandy Proper,28/01/2020,29/01/2020
0.000150066,Kandy Proper,29/01/2020,30/01/2020
0.000199334,Kandy Proper,30/01/2020,31/01/2020
0.000236035,Kandy Proper,31/01/2020,01/02/2020
4.15E-05,Kandy Proper,01/02/2020,02/02/2020
0.000110181,Kandy Proper,02/02/2020,03/02/2020
8.36E-05,Kandy Proper,03/02/2020,04/02/2020
0.000470013,Kandy Proper,04/02/2020,05/02/2020
3.03E-05,Kandy Proper,05/02/2020,06/02/2020
0.00047833,Kandy Proper,06/02/2020,07/02/2020
0.000188592,Kandy Proper,07/02/2020,08/02/2020
0.000206615,Kandy Proper,08/02/2020,09/02/2020
0.000209923,Kandy Proper,09/02/2020,10/02/2020
0.000101215,Kandy Proper,10/02/2020,11/02/2020
0.00016611,Kandy Proper,11/02/2020,12/02/2020
,Kandy Proper,12/02/2020,13/02/2020
7.99E-05,Kandy Proper,13/02/2020,14/02/2020
2.81E-05,Kandy Proper,14/02/2020,15/02/2020
2.86E-05,Kandy Proper,15/02/2020,16/02/2020
5.94E-05,Kandy Proper,16/02/2020,17/02/2020
-2.99E-05,Kandy Proper,17/02/2020,18/02/2020
8.48E-05,Kandy Proper,18/02/2020,19/02/2020
8.62E-05,Kandy Proper,19/02/2020,20/02/2020
0.000109136,Kandy Proper,20/02/2020,21/02/2020
9.95E-05,Kandy Proper,21/02/2020,22/02/2020
,Kandy Proper,22/02/2020,23/02/2020
,Kandy Proper,23/02/2020,24/02/2020
7.92E-05,Kandy Proper,24/02/2020,25/02/2020
2.85E-05,Kandy Proper,25/02/2020,26/02/2020
3.69E-05,Kandy Proper,26/02/2020,27/02/2020
8.42E-05,Kandy Proper,27/02/2020,28/02/2020
0.000110609,Kandy Proper,28/02/2020,29/02/2020
0.00012775,Kandy Proper,29/02/2020,01/03/2020
2.28E-05,Kandy Proper,01/03/2020,02/03/2020
0.000251568,Kandy Proper,02/03/2020,03/03/2020
0.000250974,Kandy Proper,03/03/2020,04/03/2020
0.000164851,Kandy Proper,04/03/2020,05/03/2020
0.000400088,Kandy Proper,05/03/2020,06/03/2020
0.000409277,Kandy Proper,06/03/2020,07/03/2020
0.000243799,Kandy Proper,07/03/2020,08/03/2020
0.0001216,Kandy Proper,08/03/2020,09/03/2020
9.11E-05,Kandy Proper,09/03/2020,10/03/2020
0.000179662,Kandy Proper,10/03/2020,11/03/2020
0.000128628,Kandy Proper,11/03/2020,12/03/2020
0.000172729,Kandy Proper,12/03/2020,13/03/2020
0.000212343,Kandy Proper,13/03/2020,14/03/2020
0.000299052,Kandy Proper,14/03/2020,15/03/2020
8.71E-05,Kandy Proper,15/03/2020,16/03/2020
7.01E-05,Kandy Proper,16/03/2020,17/03/2020
,Kandy Proper,17/03/2020,18/03/2020
,Kandy Proper,18/03/2020,19/03/2020
0.000122429,Kandy Proper,19/03/2020,20/03/2020
7.54E-05,Kandy Proper,20/03/2020,21/03/2020
0.000253044,Kandy Proper,21/03/2020,22/03/2020
0.000127078,Kandy Proper,22/03/2020,23/03/2020
0.000183834,Kandy Proper,23/03/2020,24/03/2020
7.43E-05,Kandy Proper,24/03/2020,25/03/2020
0.000162357,Kandy Proper,25/03/2020,26/03/2020
0.000300243,Kandy Proper,26/03/2020,27/03/2020
0.000127765,Kandy Proper,27/03/2020,28/03/2020
0.00011979,Kandy Proper,28/03/2020,29/03/2020
0.000291275,Kandy Proper,29/03/2020,30/03/2020
5.84E-05,Kandy Proper,30/03/2020,31/03/2020
0.00013218,Kandy Proper,31/03/2020,01/04/2020
0.000214365,Kandy Proper,01/04/2020,02/04/2020
0.000204201,Kandy Proper,02/04/2020,03/04/2020
0.000223808,Kandy Proper,03/04/2020,04/04/2020
0.000236227,Kandy Proper,04/04/2020,05/04/2020
0.000170727,Kandy Proper,05/04/2020,06/04/2020
0.00026276,Kandy Proper,06/04/2020,07/04/2020
0.000145144,Kandy Proper,07/04/2020,08/04/2020
0.000323215,Kandy Proper,08/04/2020,09/04/2020
,Kandy Proper,09/04/2020,10/04/2020
0.00025898,Kandy Proper,10/04/2020,11/04/2020
0.000137579,Kandy Proper,11/04/2020,12/04/2020
6.82E-05,Kandy Proper,12/04/2020,13/04/2020
6.48E-05,Kandy Proper,13/04/2020,14/04/2020
8.75E-05,Kandy Proper,14/04/2020,15/04/2020
0.000133018,Kandy Proper,15/04/2020,16/04/2020
,Kandy Proper,16/04/2020,17/04/2020
,Kandy Proper,17/04/2020,18/04/2020
0.000133922,Kandy Proper,18/04/2020,19/04/2020
-4.14E-05,Kandy Proper,19/04/2020,20/04/2020
6.94E-05,Kandy Proper,20/04/2020,21/04/2020
7.62E-05,Kandy Proper,21/04/2020,22/04/2020
,Kandy Proper,22/04/2020,23/04/2020
0.000226302,Kandy Proper,23/04/2020,24/04/2020
-4.53E-05,Kandy Proper,24/04/2020,25/04/2020
0.000147837,Kandy Proper,25/04/2020,26/04/2020
0.00020705,Kandy Proper,26/04/2020,27/04/2020
0.000200547,Kandy Proper,27/04/2020,28/04/2020
0.000264023,Kandy Proper,28/04/2020,29/04/2020
0.000186296,Kandy Proper,29/04/2020,30/04/2020
0.000350867,Kandy Proper,30/04/2020,01/05/2020
0.000164077,Kandy Proper,01/05/2020,02/05/2020
0.00022199,Kandy Proper,02/05/2020,03/05/2020
0.000138281,Kandy Proper,03/05/2020,04/05/2020
5.03E-05,Kandy Proper,04/05/2020,05/05/2020
,Kandy Proper,05/05/2020,06/05/2020
,Kandy Proper,06/05/2020,07/05/2020
6.71E-05,Kandy Proper,07/05/2020,08/05/2020
0.000193294,Kandy Proper,08/05/2020,09/05/2020
,Kandy Proper,09/05/2020,10/05/2020
,Kandy Proper,10/05/2020,11/05/2020
,Kandy Proper,11/05/2020,12/05/2020
0.000148781,Kandy Proper,12/05/2020,13/05/2020
,Kandy Proper,13/05/2020,14/05/2020
0.000137919,Kandy Proper,14/05/2020,15/05/2020
0.000194368,Kandy Proper,15/05/2020,16/05/2020
,Kandy Proper,16/05/2020,17/05/2020
,Kandy Proper,17/05/2020,18/05/2020
,Kandy Proper,18/05/2020,19/05/2020
,Kandy Proper,19/05/2020,20/05/2020
,Kandy Proper,20/05/2020,21/05/2020
5.98E-05,Kandy Proper,21/05/2020,22/05/2020
,Kandy Proper,22/05/2020,23/05/2020
-3.45E-05,Kandy Proper,23/05/2020,24/05/2020
9.38E-05,Kandy Proper,24/05/2020,25/05/2020
,Kandy Proper,25/05/2020,26/05/2020
0.000137324,Kandy Proper,26/05/2020,27/05/2020
7.19E-05,Kandy Proper,27/05/2020,28/05/2020
0.000125178,Kandy Proper,28/05/2020,29/05/2020
-1.85E-05,Kandy Proper,29/05/2020,30/05/2020
2.45E-05,Kandy Proper,30/05/2020,31/05/2020
-9.59E-06,Kandy Proper,31/05/2020,01/06/2020
0.00019859,Kandy Proper,01/06/2020,02/06/2020
9.92E-05,Kandy Proper,02/06/2020,03/06/2020
4.06E-05,Kandy Proper,03/06/2020,04/06/2020
5.88E-05,Kandy Proper,04/06/2020,05/06/2020
7.41E-05,Kandy Proper,05/06/2020,06/06/2020
,Kandy Proper,06/06/2020,07/06/2020
,Kandy Proper,07/06/2020,08/06/2020
,Kandy Proper,08/06/2020,09/06/2020
5.53E-05,Kandy Proper,09/06/2020,10/06/2020
,Kandy Proper,10/06/2020,11/06/2020
,Kandy Proper,11/06/2020,12/06/2020
,Kandy Proper,12/06/2020,13/06/2020
0.000192428,Kandy Proper,13/06/2020,14/06/2020
2.29E-05,Kandy Proper,14/06/2020,15/06/2020
0.000137896,Kandy Proper,15/06/2020,16/06/2020
0.000179837,Kandy Proper,16/06/2020,17/06/2020
,Kandy Proper,17/06/2020,18/06/2020
9.35E-05,Kandy Proper,18/06/2020,19/06/2020
-3.34E-05,Kandy Proper,19/06/2020,20/06/2020
6.29E-05,Kandy Proper,20/06/2020,21/06/2020
,Kandy Proper,21/06/2020,22/06/2020
4.19E-05,Kandy Proper,22/06/2020,23/06/2020
,Kandy Proper,23/06/2020,24/06/2020
7.44E-05,Kandy Proper,24/06/2020,25/06/2020
,Kandy Proper,25/06/2020,26/06/2020
3.63E-05,Kandy Proper,26/06/2020,27/06/2020
0.000103521,Kandy Proper,27/06/2020,28/06/2020
,Kandy Proper,28/06/2020,29/06/2020
7.51E-05,Kandy Proper,29/06/2020,30/06/2020
9.30E-05,Kandy Proper,30/06/2020,01/07/2020
,Kandy Proper,01/07/2020,02/07/2020
9.60E-05,Kandy Proper,02/07/2020,03/07/2020
,Kandy Proper,03/07/2020,04/07/2020
,Kandy Proper,04/07/2020,05/07/2020
7.79E-05,Kandy Proper,05/07/2020,06/07/2020
9.25E-05,Kandy Proper,06/07/2020,07/07/2020
0.000138026,Kandy Proper,07/07/2020,08/07/2020
0.000147531,Kandy Proper,08/07/2020,09/07/2020
,Kandy Proper,09/07/2020,10/07/2020
,Kandy Proper,10/07/2020,11/07/2020
0.000156111,Kandy Proper,11/07/2020,12/07/2020
9.30E-05,Kandy Proper,12/07/2020,13/07/2020
0.000181537,Kandy Proper,13/07/2020,14/07/2020
5.69E-05,Kandy Proper,14/07/2020,15/07/2020
,Kandy Proper,15/07/2020,16/07/2020
,Kandy Proper,16/07/2020,17/07/2020
,Kandy Proper,17/07/2020,18/07/2020
,Kandy Proper,18/07/2020,19/07/2020
,Kandy Proper,19/07/2020,20/07/2020
,Kandy Proper,20/07/2020,21/07/2020
4.06E-05,Kandy Proper,21/07/2020,22/07/2020
-2.87E-05,Kandy Proper,22/07/2020,23/07/2020
0.00010365,Kandy Proper,23/07/2020,24/07/2020
0.000100404,Kandy Proper,24/07/2020,25/07/2020
,Kandy Proper,25/07/2020,26/07/2020
,Kandy Proper,26/07/2020,27/07/2020
,Kandy Proper,27/07/2020,28/07/2020
,Kandy Proper,28/07/2020,29/07/2020
,Kandy Proper,29/07/2020,30/07/2020
,Kandy Proper,30/07/2020,31/07/2020
-5.82E-05,Kandy Proper,31/07/2020,01/08/2020
,Kandy Proper,01/08/2020,02/08/2020
,Kandy Proper,02/08/2020,03/08/2020
,Kandy Proper,03/08/2020,04/08/2020
,Kandy Proper,04/08/2020,05/08/2020
,Kandy Proper,05/08/2020,06/08/2020
,Kandy Proper,06/08/2020,07/08/2020
,Kandy Proper,07/08/2020,08/08/2020
,Kandy Proper,08/08/2020,09/08/2020
,Kandy Proper,09/08/2020,10/08/2020
,Kandy Proper,10/08/2020,11/08/2020
,Kandy Proper,11/08/2020,12/08/2020
7.59E-05,Kandy Proper,12/08/2020,13/08/2020
-2.90E-05,Kandy Proper,13/08/2020,14/08/2020
0.000127192,Kandy Proper,14/08/2020,15/08/2020
,Kandy Proper,15/08/2020,16/08/2020
,Kandy Proper,16/08/2020,17/08/2020
3.64E-05,Kandy Proper,17/08/2020,18/08/2020
5.48E-05,Kandy Proper,18/08/2020,19/08/2020
0.000130037,Kandy Proper,19/08/2020,20/08/2020
0.000133199,Kandy Proper,20/08/2020,21/08/2020
9.66E-05,Kandy Proper,21/08/2020,22/08/2020
0.000122878,Kandy Proper,22/08/2020,23/08/2020
8.47E-05,Kandy Proper,23/08/2020,24/08/2020
7.20E-05,Kandy Proper,24/08/2020,25/08/2020
0.000151195,Kandy Proper,25/08/2020,26/08/2020
0.000103938,Kandy Proper,26/08/2020,27/08/2020
0.000206907,Kandy Proper,27/08/2020,28/08/2020
9.41E-05,Kandy Proper,28/08/2020,29/08/2020
0.00010834,Kandy Proper,29/08/2020,30/08/2020
,Kandy Proper,30/08/2020,31/08/2020
1.79E-05,Kandy Proper,31/08/2020,01/09/2020
,Kandy Proper,01/09/2020,02/09/2020
,Kandy Proper,02/09/2020,03/09/2020
,Kandy Proper,03/09/2020,04/09/2020
0.000156162,Kandy Proper,04/09/2020,05/09/2020
0.000211295,Kandy Proper,05/09/2020,06/09/2020
,Kandy Proper,06/09/2020,07/09/2020
,Kandy Proper,07/09/2020,08/09/2020
,Kandy Proper,08/09/2020,09/09/2020
,Kandy Proper,09/09/2020,10/09/2020
,Kandy Proper,10/09/2020,11/09/2020
,Kandy Proper,11/09/2020,12/09/2020
,Kandy Proper,12/09/2020,13/09/2020
,Kandy Proper,13/09/2020,14/09/2020
,Kandy Proper,14/09/2020,15/09/2020
,Kandy Proper,15/09/2020,16/09/2020
-6.40E-06,Kandy Proper,16/09/2020,17/09/2020
,Kandy Proper,17/09/2020,18/09/2020
,Kandy Proper,18/09/2020,19/09/2020
,Kandy Proper,19/09/2020,20/09/2020
,Kandy Proper,20/09/2020,21/09/2020
,Kandy Proper,21/09/2020,22/09/2020
,Kandy Proper,22/09/2020,23/09/2020
,Kandy Proper,23/09/2020,24/09/2020
,Kandy Proper,24/09/2020,25/09/2020
,Kandy Proper,25/09/2020,26/09/2020
2.91E-05,Kandy Proper,26/09/2020,27/09/2020
5.92E-05,Kandy Proper,27/09/2020,28/09/2020
,Kandy Proper,28/09/2020,29/09/2020
,Kandy Proper,29/09/2020,30/09/2020
,Kandy Proper,30/09/2020,01/10/2020
,Kandy Proper,01/10/2020,02/10/2020
6.19E-05,Kandy Proper,02/10/2020,03/10/2020
,Kandy Proper,03/10/2020,04/10/2020
-8.41E-05,Kandy Proper,04/10/2020,05/10/2020
2.34E-05,Kandy Proper,05/10/2020,06/10/2020
0.000153065,Kandy Proper,06/10/2020,07/10/2020
,Kandy Proper,07/10/2020,08/10/2020
0.000239526,Kandy Proper,08/10/2020,09/10/2020
,Kandy Proper,09/10/2020,10/10/2020
,Kandy Proper,10/10/2020,11/10/2020
,Kandy Proper,11/10/2020,12/10/2020
0.000119172,Kandy Proper,12/10/2020,13/10/2020
,Kandy Proper,13/10/2020,14/10/2020
,Kandy Proper,14/10/2020,15/10/2020
,Kandy Proper,15/10/2020,16/10/2020
,Kandy Proper,16/10/2020,17/10/2020
,Kandy Proper,17/10/2020,18/10/2020
9.94E-05,Kandy Proper,18/10/2020,19/10/2020
5.09E-05,Kandy Proper,19/10/2020,20/10/2020
0.000180224,Kandy Proper,20/10/2020,21/10/2020
,Kandy Proper,21/10/2020,22/10/2020
-4.55E-05,Kandy Proper,22/10/2020,23/10/2020
0.000141396,Kandy Proper,23/10/2020,24/10/2020
,Kandy Proper,24/10/2020,25/10/2020
0.00012531,Kandy Proper,25/10/2020,26/10/2020
0.00010546,Kandy Proper,26/10/2020,27/10/2020
0.000290678,Kandy Proper,27/10/2020,28/10/2020
0.00023018,Kandy Proper,28/10/2020,29/10/2020
1.52E-05,Kandy Proper,29/10/2020,30/10/2020
2.03E-05,Kandy Proper,30/10/2020,31/10/2020
0.000266956,Kandy Proper,31/10/2020,01/11/2020
0.000114404,Kandy Proper,01/11/2020,02/11/2020
0.000317403,Kandy Proper,02/11/2020,03/11/2020
0.000194005,Kandy Proper,03/11/2020,04/11/2020
,Kandy Proper,04/11/2020,05/11/2020
0.000215201,Kandy Proper,05/11/2020,06/11/2020
7.87E-05,Kandy Proper,06/11/2020,07/11/2020
1.45E-05,Kandy Proper,07/11/2020,08/11/2020
,Kandy Proper,08/11/2020,09/11/2020
,Kandy Proper,09/11/2020,10/11/2020
,Kandy Proper,10/11/2020,11/11/2020
,Kandy Proper,11/11/2020,12/11/2020
,Kandy Proper,12/11/2020,13/11/2020
5.82E-05,Kandy Proper,13/11/2020,14/11/2020
-0.000228181,Kandy Proper,14/11/2020,15/11/2020
2.08E-06,Kandy Proper,15/11/2020,16/11/2020
,Kandy Proper,16/11/2020,17/11/2020
0.000215569,Kandy Proper,17/11/2020,18/11/2020
0.000119201,Kandy Proper,18/11/2020,19/11/2020
-0.000111025,Kandy Proper,19/11/2020,20/11/2020
0.000154588,Kandy Proper,20/11/2020,21/11/2020
,Kandy Proper,21/11/2020,22/11/2020
,Kandy Proper,22/11/2020,23/11/2020
,Kandy Proper,23/11/2020,24/11/2020
,Kandy Proper,24/11/2020,25/11/2020
,Kandy Proper,25/11/2020,26/11/2020
6.70E-05,Kandy Proper,26/11/2020,27/11/2020
8.32E-05,Kandy Proper,27/11/2020,28/11/2020
0.000203563,Kandy Proper,28/11/2020,29/11/2020
0.000152243,Kandy Proper,29/11/2020,30/11/2020
,Kandy Proper,30/11/2020,01/12/2020
,Kandy Proper,01/12/2020,02/12/2020
,Kandy Proper,02/12/2020,03/12/2020
,Kandy Proper,03/12/2020,04/12/2020
,Kandy Proper,04/12/2020,05/12/2020
,Kandy Proper,05/12/2020,06/12/2020
2.22E-05,Kandy Proper,06/12/2020,07/12/2020
6.57E-05,Kandy Proper,07/12/2020,08/12/2020
,Kandy Proper,08/12/2020,09/12/2020
0.000113002,Kandy Proper,09/12/2020,10/12/2020
-8.22E-06,Kandy Proper,10/12/2020,11/12/2020
0.000221421,Kandy Proper,11/12/2020,12/12/2020
0.000321553,Kandy Proper,12/12/2020,13/12/2020
,Kandy Proper,13/12/2020,14/12/2020
0.000100042,Kandy Proper,14/12/2020,15/12/2020
5.52E-05,Kandy Proper,15/12/2020,16/12/2020
0.000103865,Kandy Proper,16/12/2020,17/12/2020
0.000195954,Kandy Proper,17/12/2020,18/12/2020
,Kandy Proper,18/12/2020,19/12/2020
1.68E-05,Kandy Proper,19/12/2020,20/12/2020
,Kandy Proper,20/12/2020,21/12/2020
,Kandy Proper,21/12/2020,22/12/2020
,Kandy Proper,22/12/2020,23/12/2020
,Kandy Proper,23/12/2020,24/12/2020
,Kandy Proper,24/12/2020,25/12/2020
0.000705162,Kandy Proper,25/12/2020,26/12/2020
,Kandy Proper,26/12/2020,27/12/2020
,Kandy Proper,27/12/2020,28/12/2020
,Kandy Proper,28/12/2020,29/12/2020
6.06E-05,Kandy Proper,29/12/2020,30/12/2020
0.00013321,Kandy Proper,30/12/2020,31/12/2020
,Kandy Proper,31/12/2020,01/01/2021
,Kandy Proper,01/01/2021,02/01/2021
,Kandy Proper,02/01/2021,03/01/2021
,Kandy Proper,03/01/2021,04/01/2021
-1.33E-05,Kandy Proper,04/01/2021,05/01/2021
,Kandy Proper,05/01/2021,06/01/2021
0.00015411,Kandy Proper,06/01/2021,07/01/2021
0.000118833,Kandy Proper,07/01/2021,08/01/2021
,Kandy Proper,08/01/2021,09/01/2021
,Kandy Proper,09/01/2021,10/01/2021
,Kandy Proper,10/01/2021,11/01/2021
,Kandy Proper,11/01/2021,12/01/2021
,Kandy Proper,12/01/2021,13/01/2021
,Kandy Proper,13/01/2021,14/01/2021
,Kandy Proper,14/01/2021,15/01/2021
,Kandy Proper,15/01/2021,16/01/2021
0.000134485,Kandy Proper,16/01/2021,17/01/2021
,Kandy Proper,17/01/2021,18/01/2021
,Kandy Proper,18/01/2021,19/01/2021
,Kandy Proper,19/01/2021,20/01/2021
3.15E-05,Kandy Proper,20/01/2021,21/01/2021
9.29E-05,Kandy Proper,21/01/2021,22/01/2021
0.000122607,Kandy Proper,22/01/2021,23/01/2021
-2.97E-05,Kandy Proper,23/01/2021,24/01/2021
0.000162129,Kandy Proper,24/01/2021,25/01/2021
1.88E-05,Kandy Proper,25/01/2021,26/01/2021
0.000154227,Kandy Proper,26/01/2021,27/01/2021
3.82E-05,Kandy Proper,27/01/2021,28/01/2021
0.000137352,Kandy Proper,28/01/2021,29/01/2021
,Kandy Proper,29/01/2021,30/01/2021
3.73E-05,Kandy Proper,30/01/2021,31/01/2021
4.77E-05,Kandy Proper,31/01/2021,01/02/2021
,Kandy Proper,01/02/2021,02/02/2021
,Kandy Proper,02/02/2021,03/02/2021
,Kandy Proper,03/02/2021,04/02/2021
7.29E-05,Kandy Proper,04/02/2021,05/02/2021
4.39E-05,Kandy Proper,05/02/2021,06/02/2021
-0.000101533,Kandy Proper,06/02/2021,07/02/2021
,Kandy Proper,07/02/2021,08/02/2021
,Kandy Proper,08/02/2021,09/02/2021
1.09E-05,Kandy Proper,09/02/2021,10/02/2021
0.000234657,Kandy Proper,10/02/2021,11/02/2021
0.000107016,Kandy Proper,11/02/2021,12/02/2021
0.000159289,Kandy Proper,12/02/2021,13/02/2021
0.00014594,Kandy Proper,13/02/2021,14/02/2021
,Kandy Proper,14/02/2021,15/02/2021
9.21E-05,Kandy Proper,15/02/2021,16/02/2021
0.000134844,Kandy Proper,16/02/2021,17/02/2021
0.000219197,Kandy Proper,17/02/2021,18/02/2021
0.000107368,Kandy Proper,18/02/2021,19/02/2021
9.54E-05,Kandy Proper,19/02/2021,20/02/2021
-1.09E-05,Kandy Proper,20/02/2021,21/02/2021
8.79E-06,Kandy Proper,21/02/2021,22/02/2021
2.99E-05,Kandy Proper,22/02/2021,23/02/2021
-0.000104214,Kandy Proper,23/02/2021,24/02/2021
0.000102654,Kandy Proper,24/02/2021,25/02/2021
0.000134376,Kandy Proper,25/02/2021,26/02/2021
0.00026086,Kandy Proper,26/02/2021,27/02/2021
0.000133541,Kandy Proper,27/02/2021,28/02/2021
0.000242572,Kandy Proper,28/02/2021,01/03/2021
7.99E-05,Kandy Proper,01/03/2021,02/03/2021
-3.60E-05,Kandy Proper,02/03/2021,03/03/2021
8.65E-05,Kandy Proper,03/03/2021,04/03/2021
0.000120618,Kandy Proper,04/03/2021,05/03/2021
,Kandy Proper,05/03/2021,06/03/2021
-3.69E-05,Kandy Proper,06/03/2021,07/03/2021
-0.000135557,Kandy Proper,07/03/2021,08/03/2021
,Kandy Proper,08/03/2021,09/03/2021
7.39E-05,Kandy Proper,09/03/2021,10/03/2021
,Kandy Proper,10/03/2021,11/03/2021
,Kandy Proper,11/03/2021,12/03/2021
0.000184641,Kandy Proper,12/03/2021,13/03/2021
7.17E-05,Kandy Proper,13/03/2021,14/03/2021
4.59E-05,Kandy Proper,14/03/2021,15/03/2021
0.000160423,Kandy Proper,15/03/2021,16/03/2021
0.000111651,Kandy Proper,16/03/2021,17/03/2021
0.000218437,Kandy Proper,17/03/2021,18/03/2021
,Kandy Proper,18/03/2021,19/03/2021
,Kandy Proper,19/03/2021,20/03/2021
5.29E-05,Kandy Proper,20/03/2021,21/03/2021
,Kandy Proper,21/03/2021,22/03/2021
3.56E-05,Kandy Proper,22/03/2021,23/03/2021
-3.88E-05,Kandy Proper,23/03/2021,24/03/2021
,Kandy Proper,24/03/2021,25/03/2021
,Kandy Proper,25/03/2021,26/03/2021
,Kandy Proper,26/03/2021,27/03/2021
,Kandy Proper,27/03/2021,28/03/2021
,Kandy Proper,28/03/2021,29/03/2021
9.93E-05,Kandy Proper,29/03/2021,30/03/2021
0.000143385,Kandy Proper,30/03/2021,31/03/2021
0.000182486,Kandy Proper,31/03/2021,01/04/2021
0.000204383,Kandy Proper,01/04/2021,02/04/2021
0.000272072,Kandy Proper,02/04/2021,03/04/2021
0.000143429,Kandy Proper,03/04/2021,04/04/2021
0.000172544,Kandy Proper,04/04/2021,05/04/2021
0.000209572,Kandy Proper,05/04/2021,06/04/2021
0.000226547,Kandy Proper,06/04/2021,07/04/2021
4.02E-05,Kandy Proper,07/04/2021,08/04/2021
2.40E-06,Kandy Proper,08/04/2021,09/04/2021
,Kandy Proper,09/04/2021,10/04/2021
,Kandy Proper,10/04/2021,11/04/2021
,Kandy Proper,11/04/2021,12/04/2021
0.000213884,Kandy Proper,12/04/2021,13/04/2021
,Kandy Proper,13/04/2021,14/04/2021
,Kandy Proper,14/04/2021,15/04/2021
0.000165361,Kandy Proper,15/04/2021,16/04/2021
0.000131399,Kandy Proper,16/04/2021,17/04/2021
0.00019437,Kandy Proper,17/04/2021,18/04/2021
0.000183098,Kandy Proper,18/04/2021,19/04/2021
0.000114639,Kandy Proper,19/04/2021,20/04/2021
6.73E-05,Kandy Proper,20/04/2021,21/04/2021
0.000152085,Kandy Proper,21/04/2021,22/04/2021
0.000213966,Kandy Proper,22/04/2021,23/04/2021
0.000178302,Kandy Proper,23/04/2021,24/04/2021
0.000167376,Kandy Proper,24/04/2021,25/04/2021
,Kandy Proper,25/04/2021,26/04/2021
0.000167527,Kandy Proper,26/04/2021,27/04/2021
0.000224054,Kandy Proper,27/04/2021,28/04/2021
0.000176126,Kandy Proper,28/04/2021,29/04/2021
,Kandy Proper,29/04/2021,30/04/2021
,Kandy Proper,30/04/2021,01/05/2021
,Kandy Proper,01/05/2021,02/05/2021
,Kandy Proper,02/05/2021,03/05/2021
0.000203917,Kandy Proper,03/05/2021,04/05/2021
0.000129001,Kandy Proper,04/05/2021,05/05/2021
,Kandy Proper,05/05/2021,06/05/2021
4.54E-05,Kandy Proper,06/05/2021,07/05/2021
8.26E-05,Kandy Proper,07/05/2021,08/05/2021
,Kandy Proper,08/05/2021,09/05/2021
,Kandy Proper,09/05/2021,10/05/2021
,Kandy Proper,10/05/2021,11/05/2021
8.83E-05,Kandy Proper,11/05/2021,12/05/2021
,Kandy Proper,12/05/2021,13/05/2021
,Kandy Proper,13/05/2021,14/05/2021
0.00012043,Kandy Proper,14/05/2021,15/05/2021
,Kandy Proper,15/05/2021,16/05/2021
,Kandy Proper,16/05/2021,17/05/2021
8.26E-05,Kandy Proper,17/05/2021,18/05/2021
0.0001262,Kandy Proper,18/05/2021,19/05/2021
0.00025147,Kandy Proper,19/05/2021,20/05/2021
,Kandy Proper,20/05/2021,21/05/2021
,Kandy Proper,21/05/2021,22/05/2021
,Kandy Proper,22/05/2021,23/05/2021
,Kandy Proper,23/05/2021,24/05/2021
,Kandy Proper,24/05/2021,25/05/2021
,Kandy Proper,25/05/2021,26/05/2021
,Kandy Proper,26/05/2021,27/05/2021
,Kandy Proper,27/05/2021,28/05/2021
9.26E-05,Kandy Proper,28/05/2021,29/05/2021
,Kandy Proper,29/05/2021,30/05/2021
-6.31E-05,Kandy Proper,30/05/2021,31/05/2021
-1.76E-06,Kandy Proper,31/05/2021,01/06/2021
3.04E-05,Kandy Proper,01/06/2021,02/06/2021
1.92E-05,Kandy Proper,02/06/2021,03/06/2021
,Kandy Proper,03/06/2021,04/06/2021
,Kandy Proper,04/06/2021,05/06/2021
,Kandy Proper,05/06/2021,06/06/2021
,Kandy Proper,06/06/2021,07/06/2021
,Kandy Proper,07/06/2021,08/06/2021
,Kandy Proper,08/06/2021,09/06/2021
,Kandy Proper,09/06/2021,10/06/2021
0.000127666,Kandy Proper,10/06/2021,11/06/2021
-1.20E-05,Kandy Proper,11/06/2021,12/06/2021
-4.82E-05,Kandy Proper,12/06/2021,13/06/2021
0.000160556,Kandy Proper,13/06/2021,14/06/2021
-9.72E-05,Kandy Proper,14/06/2021,15/06/2021
-5.25E-07,Kandy Proper,15/06/2021,16/06/2021
2.33E-05,Kandy Proper,16/06/2021,17/06/2021
,Kandy Proper,17/06/2021,18/06/2021
0.000111975,Kandy Proper,18/06/2021,19/06/2021
5.23E-05,Kandy Proper,19/06/2021,20/06/2021
4.17E-05,Kandy Proper,20/06/2021,21/06/2021
0.000182855,Kandy Proper,21/06/2021,22/06/2021
,Kandy Proper,22/06/2021,23/06/2021
7.14E-05,Kandy Proper,23/06/2021,24/06/2021
0.000103607,Kandy Proper,24/06/2021,25/06/2021
5.58E-05,Kandy Proper,25/06/2021,26/06/2021
,Kandy Proper,26/06/2021,27/06/2021
3.41E-05,Kandy Proper,27/06/2021,28/06/2021
7.77E-05,Kandy Proper,28/06/2021,29/06/2021
9.99E-05,Kandy Proper,29/06/2021,30/06/2021
,Kandy Proper,30/06/2021,01/07/2021
0.000112162,Kandy Proper,01/07/2021,02/07/2021
,Kandy Proper,02/07/2021,03/07/2021
,Kandy Proper,03/07/2021,04/07/2021
,Kandy Proper,04/07/2021,05/07/2021
-0.000130826,Kandy Proper,05/07/2021,06/07/2021
-0.000150646,Kandy Proper,06/07/2021,07/07/2021
-7.82E-05,Kandy Proper,07/07/2021,08/07/2021
,Kandy Proper,08/07/2021,09/07/2021
,Kandy Proper,09/07/2021,10/07/2021
,Kandy Proper,10/07/2021,11/07/2021
,Kandy Proper,11/07/2021,12/07/2021
,Kandy Proper,12/07/2021,13/07/2021
0.000219073,Kandy Proper,13/07/2021,14/07/2021
,Kandy Proper,14/07/2021,15/07/2021
,Kandy Proper,15/07/2021,16/07/2021
,Kandy Proper,16/07/2021,17/07/2021
,Kandy Proper,17/07/2021,18/07/2021
5.93E-05,Kandy Proper,18/07/2021,19/07/2021
,Kandy Proper,19/07/2021,20/07/2021
1.81E-05,Kandy Proper,20/07/2021,21/07/2021
,Kandy Proper,21/07/2021,22/07/2021
,Kandy Proper,22/07/2021,23/07/2021
,Kandy Proper,23/07/2021,24/07/2021
,Kandy Proper,24/07/2021,25/07/2021
,Kandy Proper,25/07/2021,26/07/2021
,Kandy Proper,26/07/2021,27/07/2021
-1.00E-04,Kandy Proper,27/07/2021,28/07/2021
,Kandy Proper,28/07/2021,29/07/2021
0.00011792,Kandy Proper,29/07/2021,30/07/2021
9.75E-05,Kandy Proper,30/07/2021,31/07/2021
9.61E-05,Kandy Proper,31/07/2021,01/08/2021
0.000197037,Kandy Proper,01/08/2021,02/08/2021
6.94E-06,Kandy Proper,02/08/2021,03/08/2021
,Kandy Proper,03/08/2021,04/08/2021
,Kandy Proper,04/08/2021,05/08/2021
,Kandy Proper,05/08/2021,06/08/2021
,Kandy Proper,06/08/2021,07/08/2021
,Kandy Proper,07/08/2021,08/08/2021
,Kandy Proper,08/08/2021,09/08/2021
,Kandy Proper,09/08/2021,10/08/2021
,Kandy Proper,10/08/2021,11/08/2021
,Kandy Proper,11/08/2021,12/08/2021
,Kandy Proper,12/08/2021,13/08/2021
0.000112715,Kandy Proper,13/08/2021,14/08/2021
,Kandy Proper,14/08/2021,15/08/2021
0.000219949,Kandy Proper,15/08/2021,16/08/2021
,Kandy Proper,16/08/2021,17/08/2021
,Kandy Proper,17/08/2021,18/08/2021
,Kandy Proper,18/08/2021,19/08/2021
0.000156432,Kandy Proper,19/08/2021,20/08/2021
2.82E-05,Kandy Proper,20/08/2021,21/08/2021
-3.19E-05,Kandy Proper,21/08/2021,22/08/2021
,Kandy Proper,22/08/2021,23/08/2021
0.000102411,Kandy Proper,23/08/2021,24/08/2021
0.000121874,Kandy Proper,24/08/2021,25/08/2021
6.44E-05,Kandy Proper,25/08/2021,26/08/2021
,Kandy Proper,26/08/2021,27/08/2021
,Kandy Proper,27/08/2021,28/08/2021
,Kandy Proper,28/08/2021,29/08/2021
,Kandy Proper,29/08/2021,30/08/2021
,Kandy Proper,30/08/2021,31/08/2021
,Kandy Proper,31/08/2021,01/09/2021
,Kandy Proper,01/09/2021,02/09/2021
,Kandy Proper,02/09/2021,03/09/2021
,Kandy Proper,03/09/2021,04/09/2021
,Kandy Proper,04/09/2021,05/09/2021
,Kandy Proper,05/09/2021,06/09/2021
,Kandy Proper,06/09/2021,07/09/2021
7.16E-05,Kandy Proper,07/09/2021,08/09/2021
9.05E-05,Kandy Proper,08/09/2021,09/09/2021
0.000109048,Kandy Proper,09/09/2021,10/09/2021
7.10E-06,Kandy Proper,10/09/2021,11/09/2021
,Kandy Proper,11/09/2021,12/09/2021
4.28E-05,Kandy Proper,12/09/2021,13/09/2021
4.89E-05,Kandy Proper,13/09/2021,14/09/2021
-2.32E-05,Kandy Proper,14/09/2021,15/09/2021
7.60E-05,Kandy Proper,15/09/2021,16/09/2021
,Kandy Proper,16/09/2021,17/09/2021
,Kandy Proper,17/09/2021,18/09/2021
-4.57E-05,Kandy Proper,18/09/2021,19/09/2021
8.08E-05,Kandy Proper,19/09/2021,20/09/2021
,Kandy Proper,20/09/2021,21/09/2021
,Kandy Proper,21/09/2021,22/09/2021
5.09E-05,Kandy Proper,22/09/2021,23/09/2021
8.83E-05,Kandy Proper,23/09/2021,24/09/2021
5.77E-05,Kandy Proper,24/09/2021,25/09/2021
,Kandy Proper,25/09/2021,26/09/2021
,Kandy Proper,26/09/2021,27/09/2021
5.63E-07,Kandy Proper,27/09/2021,28/09/2021
,Kandy Proper,28/09/2021,29/09/2021
3.22E-05,Kandy Proper,29/09/2021,30/09/2021
,Kandy Proper,30/09/2021,01/10/2021
,Kandy Proper,01/10/2021,02/10/2021
,Kandy Proper,02/10/2021,03/10/2021
,Kandy Proper,03/10/2021,04/10/2021
,Kandy Proper,04/10/2021,05/10/2021
,Kandy Proper,05/10/2021,06/10/2021
-5.17E-05,Kandy Proper,06/10/2021,07/10/2021
4.04E-05,Kandy Proper,07/10/2021,08/10/2021
8.59E-05,Kandy Proper,08/10/2021,09/10/2021
,Kandy Proper,09/10/2021,10/10/2021
,Kandy Proper,10/10/2021,11/10/2021
,Kandy Proper,11/10/2021,12/10/2021
,Kandy Proper,12/10/2021,13/10/2021
0.000101904,Kandy Proper,13/10/2021,14/10/2021
0.000123224,Kandy Proper,14/10/2021,15/10/2021
7.03E-05,Kandy Proper,15/10/2021,16/10/2021
,Kandy Proper,16/10/2021,17/10/2021
,Kandy Proper,17/10/2021,18/10/2021
-1.25E-05,Kandy Proper,18/10/2021,19/10/2021
9.90E-05,Kandy Proper,19/10/2021,20/10/2021
,Kandy Proper,20/10/2021,21/10/2021
,Kandy Proper,21/10/2021,22/10/2021
0.000172809,Kandy Proper,22/10/2021,23/10/2021
,Kandy Proper,23/10/2021,24/10/2021
8.20E-05,Kandy Proper,24/10/2021,25/10/2021
,Kandy Proper,25/10/2021,26/10/2021
0.000169721,Kandy Proper,26/10/2021,27/10/2021
,Kandy Proper,27/10/2021,28/10/2021
,Kandy Proper,28/10/2021,29/10/2021
,Kandy Proper,29/10/2021,30/10/2021
,Kandy Proper,30/10/2021,31/10/2021
0.000213335,Kandy Proper,31/10/2021,01/11/2021
,Kandy Proper,01/11/2021,02/11/2021
0.000116526,Kandy Proper,02/11/2021,03/11/2021
,Kandy Proper,03/11/2021,04/11/2021
,Kandy Proper,04/11/2021,05/11/2021
,Kandy Proper,05/11/2021,06/11/2021
,Kandy Proper,06/11/2021,07/11/2021
,Kandy Proper,07/11/2021,08/11/2021
,Kandy Proper,08/11/2021,09/11/2021
,Kandy Proper,09/11/2021,10/11/2021
,Kandy Proper,10/11/2021,11/11/2021
0.000121441,Kandy Proper,11/11/2021,12/11/2021
,Kandy Proper,12/11/2021,13/11/2021
,Kandy Proper,13/11/2021,14/11/2021
,Kandy Proper,14/11/2021,15/11/2021
,Kandy Proper,15/11/2021,16/11/2021
,Kandy Proper,16/11/2021,17/11/2021
,Kandy Proper,17/11/2021,18/11/2021
,Kandy Proper,18/11/2021,19/11/2021
,Kandy Proper,19/11/2021,20/11/2021
3.30E-05,Kandy Proper,20/11/2021,21/11/2021
0.000115116,Kandy Proper,21/11/2021,22/11/2021
0.000230887,Kandy Proper,22/11/2021,23/11/2021
,Kandy Proper,23/11/2021,24/11/2021
,Kandy Proper,24/11/2021,25/11/2021
,Kandy Proper,25/11/2021,26/11/2021
0.000179377,Kandy Proper,26/11/2021,27/11/2021
6.05E-05,Kandy Proper,27/11/2021,28/11/2021
,Kandy Proper,28/11/2021,29/11/2021
,Kandy Proper,29/11/2021,30/11/2021
,Kandy Proper,30/11/2021,01/12/2021
4.44E-06,Kandy Proper,01/12/2021,02/12/2021
4.80E-05,Kandy Proper,02/12/2021,03/12/2021
0.000153337,Kandy Proper,03/12/2021,04/12/2021
0.000141497,Kandy Proper,04/12/2021,05/12/2021
,Kandy Proper,05/12/2021,06/12/2021
,Kandy Proper,06/12/2021,07/12/2021
0.000162606,Kandy Proper,07/12/2021,08/12/2021
7.61E-05,Kandy Proper,08/12/2021,09/12/2021
4.05E-05,Kandy Proper,09/12/2021,10/12/2021
7.15E-05,Kandy Proper,10/12/2021,11/12/2021
4.93E-05,Kandy Proper,11/12/2021,12/12/2021
5.63E-05,Kandy Proper,12/12/2021,13/12/2021
,Kandy Proper,13/12/2021,14/12/2021
-1.22E-05,Kandy Proper,14/12/2021,15/12/2021
,Kandy Proper,15/12/2021,16/12/2021
0.000148544,Kandy Proper,16/12/2021,17/12/2021
3.50E-05,Kandy Proper,17/12/2021,18/12/2021
-6.49E-05,Kandy Proper,18/12/2021,19/12/2021
4.20E-05,Kandy Proper,19/12/2021,20/12/2021
0.000195268,Kandy Proper,20/12/2021,21/12/2021
-4.03E-05,Kandy Proper,21/12/2021,22/12/2021
-2.88E-05,Kandy Proper,22/12/2021,23/12/2021
0.000159648,Kandy Proper,23/12/2021,24/12/2021
0.00011216,Kandy Proper,24/12/2021,25/12/2021
9.79E-05,Kandy Proper,25/12/2021,26/12/2021
3.10E-05,Kandy Proper,26/12/2021,27/12/2021
9.14E-05,Kandy Proper,27/12/2021,28/12/2021
0.000170325,Kandy Proper,28/12/2021,29/12/2021
4.46E-05,Kandy Proper,29/12/2021,30/12/2021
,Kandy Proper,30/12/2021,31/12/2021
,Kandy Proper,31/12/2021,01/01/2022
5.00E-06,Kandy Proper,01/01/2022,02/01/2022
,Kandy Proper,02/01/2022,03/01/2022
,Kandy Proper,03/01/2022,04/01/2022
,Kandy Proper,04/01/2022,05/01/2022
,Kandy Proper,05/01/2022,06/01/2022
-2.51E-05,Kandy Proper,06/01/2022,07/01/2022
5.20E-06,Kandy Proper,07/01/2022,08/01/2022
,Kandy Proper,08/01/2022,09/01/2022
8.42E-05,Kandy Proper,09/01/2022,10/01/2022
,Kandy Proper,10/01/2022,11/01/2022
,Kandy Proper,11/01/2022,12/01/2022
-1.22E-05,Kandy Proper,12/01/2022,13/01/2022
0.000100254,Kandy Proper,13/01/2022,14/01/2022
0.000265634,Kandy Proper,14/01/2022,15/01/2022
0.000142658,Kandy Proper,15/01/2022,16/01/2022
5.87E-05,Kandy Proper,16/01/2022,17/01/2022
8.73E-05,Kandy Proper,17/01/2022,18/01/2022
-8.12E-05,Kandy Proper,18/01/2022,19/01/2022
8.81E-05,Kandy Proper,19/01/2022,20/01/2022
0.00027522,Kandy Proper,20/01/2022,21/01/2022
-5.91E-05,Kandy Proper,21/01/2022,22/01/2022
0.000101312,Kandy Proper,22/01/2022,23/01/2022
0.000331935,Kandy Proper,23/01/2022,24/01/2022
0.000129801,Kandy Proper,24/01/2022,25/01/2022
0.000191012,Kandy Proper,25/01/2022,26/01/2022
0.000204442,Kandy Proper,26/01/2022,27/01/2022
0.000178667,Kandy Proper,27/01/2022,28/01/2022
1.76E-05,Kandy Proper,28/01/2022,29/01/2022
,Kandy Proper,29/01/2022,30/01/2022
0.000196889,Kandy Proper,30/01/2022,31/01/2022
-1.88E-05,Kandy Proper,31/01/2022,01/02/2022
0.000214545,Kandy Proper,01/02/2022,02/02/2022
0.000142265,Kandy Proper,02/02/2022,03/02/2022
0.000107298,Kandy Proper,03/02/2022,04/02/2022
0.000185317,Kandy Proper,04/02/2022,05/02/2022
0.000308797,Kandy Proper,05/02/2022,06/02/2022
0.000181237,Kandy Proper,06/02/2022,07/02/2022
,Kandy Proper,07/02/2022,08/02/2022
0.000199687,Kandy Proper,08/02/2022,09/02/2022
0.000119504,Kandy Proper,09/02/2022,10/02/2022
,Kandy Proper,10/02/2022,11/02/2022
,Kandy Proper,11/02/2022,12/02/2022
,Kandy Proper,12/02/2022,13/02/2022
,Kandy Proper,13/02/2022,14/02/2022
,Kandy Proper,14/02/2022,15/02/2022
0.000161039,Kandy Proper,15/02/2022,16/02/2022
9.24E-05,Kandy Proper,16/02/2022,17/02/2022
9.93E-05,Kandy Proper,17/02/2022,18/02/2022
7.64E-06,Kandy Proper,18/02/2022,19/02/2022
,Kandy Proper,19/02/2022,20/02/2022
0.00012647,Kandy Proper,20/02/2022,21/02/2022
0.000145071,Kandy Proper,21/02/2022,22/02/2022
0.000231655,Kandy Proper,22/02/2022,23/02/2022
1.96E-05,Kandy Proper,23/02/2022,24/02/2022
-5.50E-05,Kandy Proper,24/02/2022,25/02/2022
6.61E-05,Kandy Proper,25/02/2022,26/02/2022
-3.29E-05,Kandy Proper,26/02/2022,27/02/2022
0.000104202,Kandy Proper,27/02/2022,28/02/2022
7.18E-05,Kandy Proper,28/02/2022,01/03/2022
0.000249222,Kandy Proper,01/03/2022,02/03/2022
,Kandy Proper,02/03/2022,03/03/2022
,Kandy Proper,03/03/2022,04/03/2022
,Kandy Proper,04/03/2022,05/03/2022
,Kandy Proper,05/03/2022,06/03/2022
6.22E-05,Kandy Proper,06/03/2022,07/03/2022
0.000116044,Kandy Proper,07/03/2022,08/03/2022
8.21E-05,Kandy Proper,08/03/2022,09/03/2022
0.000107856,Kandy Proper,09/03/2022,10/03/2022
4.74E-05,Kandy Proper,10/03/2022,11/03/2022
0.000124978,Kandy Proper,11/03/2022,12/03/2022
,Kandy Proper,12/03/2022,13/03/2022
2.62E-05,Kandy Proper,13/03/2022,14/03/2022
0.000173784,Kandy Proper,14/03/2022,15/03/2022
0.000251699,Kandy Proper,15/03/2022,16/03/2022
,Kandy Proper,16/03/2022,17/03/2022
,Kandy Proper,17/03/2022,18/03/2022
8.23E-05,Kandy Proper,18/03/2022,19/03/2022
0.000119273,Kandy Proper,19/03/2022,20/03/2022
6.50E-05,Kandy Proper,20/03/2022,21/03/2022
0.000113824,Kandy Proper,21/03/2022,22/03/2022
0.000139412,Kandy Proper,22/03/2022,23/03/2022
,Kandy Proper,23/03/2022,24/03/2022
0.000115144,Kandy Proper,24/03/2022,25/03/2022
0.000206934,Kandy Proper,25/03/2022,26/03/2022
,Kandy Proper,26/03/2022,27/03/2022
3.08E-05,Kandy Proper,27/03/2022,28/03/2022
5.43E-05,Kandy Proper,28/03/2022,29/03/2022
4.45E-05,Kandy Proper,29/03/2022,30/03/2022
0.000123298,Kandy Proper,30/03/2022,31/03/2022
0.000105857,Kandy Proper,31/03/2022,01/04/2022
0.000130968,Kandy Proper,01/04/2022,02/04/2022
6.84E-05,Kandy Proper,02/04/2022,03/04/2022
,Kandy Proper,03/04/2022,04/04/2022
0.000138619,Kandy Proper,04/04/2022,05/04/2022
0.000247251,Kandy Proper,05/04/2022,06/04/2022
,Kandy Proper,06/04/2022,07/04/2022
,Kandy Proper,07/04/2022,08/04/2022
,Kandy Proper,08/04/2022,09/04/2022
,Kandy Proper,09/04/2022,10/04/2022
,Kandy Proper,10/04/2022,11/04/2022
-2.46E-06,Kandy Proper,11/04/2022,12/04/2022
,Kandy Proper,12/04/2022,13/04/2022
,Kandy Proper,13/04/2022,14/04/2022
0.000180168,Kandy Proper,14/04/2022,15/04/2022
9.70E-05,Kandy Proper,15/04/2022,16/04/2022
2.55E-05,Kandy Proper,16/04/2022,17/04/2022
,Kandy Proper,17/04/2022,18/04/2022
7.80E-05,Kandy Proper,18/04/2022,19/04/2022
2.94E-05,Kandy Proper,19/04/2022,20/04/2022
0.000183651,Kandy Proper,20/04/2022,21/04/2022
0.00015503,Kandy Proper,21/04/2022,22/04/2022
,Kandy Proper,22/04/2022,23/04/2022
,Kandy Proper,23/04/2022,24/04/2022
,Kandy Proper,24/04/2022,25/04/2022
0.000155305,Kandy Proper,25/04/2022,26/04/2022
0.000160437,Kandy Proper,26/04/2022,27/04/2022
,Kandy Proper,27/04/2022,28/04/2022
,Kandy Proper,28/04/2022,29/04/2022
,Kandy Proper,29/04/2022,30/04/2022
0.000144751,Kandy Proper,30/04/2022,01/05/2022
0.000106295,Kandy Proper,01/05/2022,02/05/2022
0.000200548,Kandy Proper,02/05/2022,03/05/2022
,Kandy Proper,03/05/2022,04/05/2022
0.000134689,Kandy Proper,04/05/2022,05/05/2022
,Kandy Proper,05/05/2022,06/05/2022
0.000218718,Kandy Proper,06/05/2022,07/05/2022
0.000162339,Kandy Proper,07/05/2022,08/05/2022
,Kandy Proper,08/05/2022,09/05/2022
,Kandy Proper,09/05/2022,10/05/2022
,Kandy Proper,10/05/2022,11/05/2022
,Kandy Proper,11/05/2022,12/05/2022
3.24E-06,Kandy Proper,12/05/2022,13/05/2022
,Kandy Proper,13/05/2022,14/05/2022
,Kandy Proper,14/05/2022,15/05/2022
,Kandy Proper,15/05/2022,16/05/2022
,Kandy Proper,16/05/2022,17/05/2022
,Kandy Proper,17/05/2022,18/05/2022
,Kandy Proper,18/05/2022,19/05/2022
,Kandy Proper,19/05/2022,20/05/2022
-0.000109531,Kandy Proper,20/05/2022,21/05/2022
,Kandy Proper,21/05/2022,22/05/2022
0.000119998,Kandy Proper,22/05/2022,23/05/2022
0.000170459,Kandy Proper,23/05/2022,24/05/2022
,Kandy Proper,24/05/2022,25/05/2022
,Kandy Proper,25/05/2022,26/05/2022
6.73E-05,Kandy Proper,26/05/2022,27/05/2022
8.33E-05,Kandy Proper,27/05/2022,28/05/2022
,Kandy Proper,28/05/2022,29/05/2022
,Kandy Proper,29/05/2022,30/05/2022
,Kandy Proper,30/05/2022,31/05/2022
,Kandy Proper,31/05/2022,01/06/2022
,Kandy Proper,01/06/2022,02/06/2022
3.76E-05,Kandy Proper,02/06/2022,03/06/2022
0.000131712,Kandy Proper,03/06/2022,04/06/2022
,Kandy Proper,04/06/2022,05/06/2022
8.52E-05,Kandy Proper,05/06/2022,06/06/2022
,Kandy Proper,06/06/2022,07/06/2022
,Kandy Proper,07/06/2022,08/06/2022
9.54E-05,Kandy Proper,08/06/2022,09/06/2022
,Kandy Proper,09/06/2022,10/06/2022
-1.49E-05,Kandy Proper,10/06/2022,11/06/2022
,Kandy Proper,11/06/2022,12/06/2022
,Kandy Proper,12/06/2022,13/06/2022
9.90E-05,Kandy Proper,13/06/2022,14/06/2022
0.000101152,Kandy Proper,14/06/2022,15/06/2022
,Kandy Proper,15/06/2022,16/06/2022
,Kandy Proper,16/06/2022,17/06/2022
0.000299499,Kandy Proper,17/06/2022,18/06/2022
0.000120389,Kandy Proper,18/06/2022,19/06/2022
0.000164818,Kandy Proper,19/06/2022,20/06/2022
,Kandy Proper,20/06/2022,21/06/2022
0.000101378,Kandy Proper,21/06/2022,22/06/2022
,Kandy Proper,22/06/2022,23/06/2022
,Kandy Proper,23/06/2022,24/06/2022
,Kandy Proper,24/06/2022,25/06/2022
1.49E-05,Kandy Proper,25/06/2022,26/06/2022
7.06E-05,Kandy Proper,26/06/2022,27/06/2022
3.02E-05,Kandy Proper,27/06/2022,28/06/2022
0.000124207,Kandy Proper,28/06/2022,29/06/2022
5.74E-05,Kandy Proper,29/06/2022,30/06/2022
,Kandy Proper,30/06/2022,01/07/2022
3.80E-05,Kandy Proper,01/07/2022,02/07/2022
7.67E-05,Kandy Proper,02/07/2022,03/07/2022
,Kandy Proper,03/07/2022,04/07/2022
,Kandy Proper,04/07/2022,05/07/2022
,Kandy Proper,05/07/2022,06/07/2022
,Kandy Proper,06/07/2022,07/07/2022
,Kandy Proper,07/07/2022,08/07/2022
2.51E-05,Kandy Proper,08/07/2022,09/07/2022
,Kandy Proper,09/07/2022,10/07/2022
,Kandy Proper,10/07/2022,11/07/2022
,Kandy Proper,11/07/2022,12/07/2022
,Kandy Proper,12/07/2022,13/07/2022
,Kandy Proper,13/07/2022,14/07/2022
,Kandy Proper,14/07/2022,15/07/2022
,Kandy Proper,15/07/2022,16/07/2022
,Kandy Proper,16/07/2022,17/07/2022
,Kandy Proper,17/07/2022,18/07/2022
,Kandy Proper,18/07/2022,19/07/2022
,Kandy Proper,19/07/2022,20/07/2022
8.74E-05,Kandy Proper,20/07/2022,21/07/2022
,Kandy Proper,21/07/2022,22/07/2022
,Kandy Proper,22/07/2022,23/07/2022
,Kandy Proper,23/07/2022,24/07/2022
,Kandy Proper,24/07/2022,25/07/2022
0.000182748,Kandy Proper,25/07/2022,26/07/2022
0.000229668,Kandy Proper,26/07/2022,27/07/2022
,Kandy Proper,27/07/2022,28/07/2022
,Kandy Proper,28/07/2022,29/07/2022
,Kandy Proper,29/07/2022,30/07/2022
5.99E-05,Kandy Proper,30/07/2022,31/07/2022
5.26E-05,Kandy Proper,31/07/2022,01/08/2022
,Kandy Proper,01/08/2022,02/08/2022
,Kandy Proper,02/08/2022,03/08/2022
,Kandy Proper,03/08/2022,04/08/2022
,Kandy Proper,04/08/2022,05/08/2022
,Kandy Proper,05/08/2022,06/08/2022
,Kandy Proper,06/08/2022,07/08/2022
,Kandy Proper,07/08/2022,08/08/2022
,Kandy Proper,08/08/2022,09/08/2022
,Kandy Proper,09/08/2022,10/08/2022
6.90E-05,Kandy Proper,10/08/2022,11/08/2022
0.000143051,Kandy Proper,11/08/2022,12/08/2022
,Kandy Proper,12/08/2022,13/08/2022
6.36E-05,Kandy Proper,13/08/2022,14/08/2022
0.000122201,Kandy Proper,14/08/2022,15/08/2022
-6.56E-06,Kandy Proper,15/08/2022,16/08/2022
,Kandy Proper,16/08/2022,17/08/2022
0.000158312,Kandy Proper,17/08/2022,18/08/2022
8.00E-05,Kandy Proper,18/08/2022,19/08/2022
6.48E-05,Kandy Proper,19/08/2022,20/08/2022
0.000135162,Kandy Proper,20/08/2022,21/08/2022
0.000127555,Kandy Proper,21/08/2022,22/08/2022
,Kandy Proper,22/08/2022,23/08/2022
,Kandy Proper,23/08/2022,24/08/2022
,Kandy Proper,24/08/2022,25/08/2022
,Kandy Proper,25/08/2022,26/08/2022
,Kandy Proper,26/08/2022,27/08/2022
,Kandy Proper,27/08/2022,28/08/2022
,Kandy Proper,28/08/2022,29/08/2022
,Kandy Proper,29/08/2022,30/08/2022
,Kandy Proper,30/08/2022,31/08/2022
,Kandy Proper,31/08/2022,01/09/2022
,Kandy Proper,01/09/2022,02/09/2022
1.46E-05,Kandy Proper,02/09/2022,03/09/2022
,Kandy Proper,03/09/2022,04/09/2022
5.92E-05,Kandy Proper,04/09/2022,05/09/2022
,Kandy Proper,05/09/2022,06/09/2022
,Kandy Proper,06/09/2022,07/09/2022
,Kandy Proper,07/09/2022,08/09/2022
,Kandy Proper,08/09/2022,09/09/2022
,Kandy Proper,09/09/2022,10/09/2022
9.49E-05,Kandy Proper,10/09/2022,11/09/2022
5.65E-05,Kandy Proper,11/09/2022,12/09/2022
0.000112078,Kandy Proper,12/09/2022,13/09/2022
0.0001441,Kandy Proper,13/09/2022,14/09/2022
5.54E-05,Kandy Proper,14/09/2022,15/09/2022
8.11E-05,Kandy Proper,15/09/2022,16/09/2022
0.000103683,Kandy Proper,16/09/2022,17/09/2022
0.000108319,Kandy Proper,17/09/2022,18/09/2022
8.66E-05,Kandy Proper,18/09/2022,19/09/2022
,Kandy Proper,19/09/2022,20/09/2022
,Kandy Proper,20/09/2022,21/09/2022
2.72E-05,Kandy Proper,21/09/2022,22/09/2022
0.000185929,Kandy Proper,22/09/2022,23/09/2022
-4.21E-05,Kandy Proper,23/09/2022,24/09/2022
4.46E-05,Kandy Proper,24/09/2022,25/09/2022
8.62E-05,Kandy Proper,25/09/2022,26/09/2022
3.17E-05,Kandy Proper,26/09/2022,27/09/2022
0.000179428,Kandy Proper,27/09/2022,28/09/2022
5.40E-05,Kandy Proper,28/09/2022,29/09/2022
,Kandy Proper,29/09/2022,30/09/2022
,Kandy Proper,30/09/2022,01/10/2022
,Kandy Proper,01/10/2022,02/10/2022
,Kandy Proper,02/10/2022,03/10/2022
,Kandy Proper,03/10/2022,04/10/2022
0.000187244,Kandy Proper,04/10/2022,05/10/2022
,Kandy Proper,05/10/2022,06/10/2022
,Kandy Proper,06/10/2022,07/10/2022
,Kandy Proper,07/10/2022,08/10/2022
0.000263822,Kandy Proper,08/10/2022,09/10/2022
,Kandy Proper,09/10/2022,10/10/2022
,Kandy Proper,10/10/2022,11/10/2022
,Kandy Proper,11/10/2022,12/10/2022
,Kandy Proper,12/10/2022,13/10/2022
,Kandy Proper,13/10/2022,14/10/2022
,Kandy Proper,14/10/2022,15/10/2022
,Kandy Proper,15/10/2022,16/10/2022
0.000152896,Kandy Proper,16/10/2022,17/10/2022
,Kandy Proper,17/10/2022,18/10/2022
,Kandy Proper,18/10/2022,19/10/2022
,Kandy Proper,19/10/2022,20/10/2022
,Kandy Proper,20/10/2022,21/10/2022
,Kandy Proper,21/10/2022,22/10/2022
,Kandy Proper,22/10/2022,23/10/2022
,Kandy Proper,23/10/2022,24/10/2022
6.77E-05,Kandy Proper,24/10/2022,25/10/2022
,Kandy Proper,25/10/2022,26/10/2022
,Kandy Proper,26/10/2022,27/10/2022
,Kandy Proper,27/10/2022,28/10/2022
0.000112525,Kandy Proper,28/10/2022,29/10/2022
0.000133902,Kandy Proper,29/10/2022,30/10/2022
,Kandy Proper,30/10/2022,31/10/2022
-1.73E-05,Kandy Proper,31/10/2022,01/11/2022
,Kandy Proper,01/11/2022,02/11/2022
,Kandy Proper,02/11/2022,03/11/2022
,Kandy Proper,03/11/2022,04/11/2022
0.000105087,Kandy Proper,04/11/2022,05/11/2022
,Kandy Proper,05/11/2022,06/11/2022
1.74E-05,Kandy Proper,06/11/2022,07/11/2022
0.000150167,Kandy Proper,07/11/2022,08/11/2022
,Kandy Proper,08/11/2022,09/11/2022
,Kandy Proper,09/11/2022,10/11/2022
,Kandy Proper,10/11/2022,11/11/2022
,Kandy Proper,11/11/2022,12/11/2022
,Kandy Proper,12/11/2022,13/11/2022
,Kandy Proper,13/11/2022,14/11/2022
,Kandy Proper,14/11/2022,15/11/2022
,Kandy Proper,15/11/2022,16/11/2022
-4.85E-06,Kandy Proper,16/11/2022,17/11/2022
0.000261376,Kandy Proper,17/11/2022,18/11/2022
0.000121759,Kandy Proper,18/11/2022,19/11/2022
,Kandy Proper,19/11/2022,20/11/2022
0.000236709,Kandy Proper,20/11/2022,21/11/2022
0.000157606,Kandy Proper,21/11/2022,22/11/2022
2.61E-05,Kandy Proper,22/11/2022,23/11/2022
5.02E-05,Kandy Proper,23/11/2022,24/11/2022
0.000155041,Kandy Proper,24/11/2022,25/11/2022
0.000144313,Kandy Proper,25/11/2022,26/11/2022
0.000169489,Kandy Proper,26/11/2022,27/11/2022
5.86E-05,Kandy Proper,27/11/2022,28/11/2022
8.85E-05,Kandy Proper,28/11/2022,29/11/2022
0.000147357,Kandy Proper,29/11/2022,30/11/2022
0.000148066,Kandy Proper,30/11/2022,01/12/2022
0.000179628,Kandy Proper,01/12/2022,02/12/2022
0.000184763,Kandy Proper,02/12/2022,03/12/2022
,Kandy Proper,03/12/2022,04/12/2022
,Kandy Proper,04/12/2022,05/12/2022
,Kandy Proper,05/12/2022,06/12/2022
,Kandy Proper,06/12/2022,07/12/2022
,Kandy Proper,07/12/2022,08/12/2022
,Kandy Proper,08/12/2022,09/12/2022
,Kandy Proper,09/12/2022,10/12/2022
,Kandy Proper,10/12/2022,11/12/2022
0.000267719,Kandy Proper,11/12/2022,12/12/2022
,Kandy Proper,12/12/2022,13/12/2022
4.86E-05,Kandy Proper,13/12/2022,14/12/2022
,Kandy Proper,14/12/2022,15/12/2022
1.39E-05,Kandy Proper,15/12/2022,16/12/2022
,Kandy Proper,16/12/2022,17/12/2022
,Kandy Proper,17/12/2022,18/12/2022
,Kandy Proper,18/12/2022,19/12/2022
,Kandy Proper,19/12/2022,20/12/2022
,Kandy Proper,20/12/2022,21/12/2022
,Kandy Proper,21/12/2022,22/12/2022
,Kandy Proper,22/12/2022,23/12/2022
,Kandy Proper,23/12/2022,24/12/2022
,Kandy Proper,24/12/2022,25/12/2022
,Kandy Proper,25/12/2022,26/12/2022
,Kandy Proper,26/12/2022,27/12/2022
6.89E-05,Kandy Proper,27/12/2022,28/12/2022
-5.46E-05,Kandy Proper,28/12/2022,29/12/2022
1.94E-05,Kandy Proper,29/12/2022,30/12/2022
1.67E-06,Kandy Proper,30/12/2022,31/12/2022
0.000218691,Kandy Proper,31/12/2022,01/01/2023
-2.36E-05,Kandy Proper,01/01/2023,02/01/2023
-1.40E-05,Kandy Proper,02/01/2023,03/01/2023
0.000112702,Kandy Proper,03/01/2023,04/01/2023
-1.57E-05,Kandy Proper,04/01/2023,05/01/2023
1.91E-05,Kandy Proper,05/01/2023,06/01/2023
4.19E-06,Kandy Proper,06/01/2023,07/01/2023
,Kandy Proper,07/01/2023,08/01/2023
,Kandy Proper,08/01/2023,09/01/2023
5.37E-05,Kandy Proper,09/01/2023,10/01/2023
5.81E-05,Kandy Proper,10/01/2023,11/01/2023
0.000230035,Kandy Proper,11/01/2023,12/01/2023
0.000404818,Kandy Proper,12/01/2023,13/01/2023
0.000284604,Kandy Proper,13/01/2023,14/01/2023
-9.64E-05,Kandy Proper,14/01/2023,15/01/2023
,Kandy Proper,15/01/2023,16/01/2023
-8.70E-06,Kandy Proper,16/01/2023,17/01/2023
,Kandy Proper,17/01/2023,18/01/2023
4.64E-05,Kandy Proper,18/01/2023,19/01/2023
-3.44E-05,Kandy Proper,19/01/2023,20/01/2023
6.50E-05,Kandy Proper,20/01/2023,21/01/2023
,Kandy Proper,21/01/2023,22/01/2023
,Kandy Proper,22/01/2023,23/01/2023
,Kandy Proper,23/01/2023,24/01/2023
,Kandy Proper,24/01/2023,25/01/2023
5.81E-05,Kandy Proper,25/01/2023,26/01/2023
,Kandy Proper,26/01/2023,27/01/2023
,Kandy Proper,27/01/2023,28/01/2023
7.62E-05,Kandy Proper,28/01/2023,29/01/2023
0.000152714,Kandy Proper,29/01/2023,30/01/2023
,Kandy Proper,30/01/2023,31/01/2023
,Kandy Proper,31/01/2023,01/02/2023
,Kandy Proper,01/02/2023,02/02/2023
,Kandy Proper,02/02/2023,03/02/2023
,Kandy Proper,03/02/2023,04/02/2023
,Kandy Proper,04/02/2023,05/02/2023
-5.83E-05,Kandy Proper,05/02/2023,06/02/2023
,Kandy Proper,06/02/2023,07/02/2023
,Kandy Proper,07/02/2023,08/02/2023
-0.000105057,Kandy Proper,08/02/2023,09/02/2023
2.66E-05,Kandy Proper,09/02/2023,10/02/2023
,Kandy Proper,10/02/2023,11/02/2023
0.000179386,Kandy Proper,11/02/2023,12/02/2023
0.000117014,Kandy Proper,12/02/2023,13/02/2023
0.000276239,Kandy Proper,13/02/2023,14/02/2023
0.000184929,Kandy Proper,14/02/2023,15/02/2023
0.000130936,Kandy Proper,15/02/2023,16/02/2023
2.41E-05,Kandy Proper,16/02/2023,17/02/2023
0.000121114,Kandy Proper,17/02/2023,18/02/2023
1.92E-05,Kandy Proper,18/02/2023,19/02/2023
,Kandy Proper,19/02/2023,20/02/2023
,Kandy Proper,20/02/2023,21/02/2023
,Kandy Proper,21/02/2023,22/02/2023
0.000167833,Kandy Proper,22/02/2023,23/02/2023
5.44E-05,Kandy Proper,23/02/2023,24/02/2023
0.00014204,Kandy Proper,24/02/2023,25/02/2023
-5.31E-05,Kandy Proper,25/02/2023,26/02/2023
0.000220743,Kandy Proper,26/02/2023,27/02/2023
,Kandy Proper,27/02/2023,28/02/2023
,Kandy Proper,28/02/2023,01/03/2023
,Kandy Proper,01/03/2023,02/03/2023
0.000295697,Kandy Proper,02/03/2023,03/03/2023
,Kandy Proper,03/03/2023,04/03/2023
,Kandy Proper,04/03/2023,05/03/2023
0.000320067,Kandy Proper,05/03/2023,06/03/2023
0.000300154,Kandy Proper,06/03/2023,07/03/2023
0.000111544,Kandy Proper,07/03/2023,08/03/2023
7.35E-05,Kandy Proper,08/03/2023,09/03/2023
0.000153742,Kandy Proper,09/03/2023,10/03/2023
,Kandy Proper,10/03/2023,11/03/2023
0.000183386,Kandy Proper,11/03/2023,12/03/2023
-9.30E-05,Kandy Proper,12/03/2023,13/03/2023
0.000127512,Kandy Proper,13/03/2023,14/03/2023
0.000207345,Kandy Proper,14/03/2023,15/03/2023
,Kandy Proper,15/03/2023,16/03/2023
0.00016775,Kandy Proper,16/03/2023,17/03/2023
0.000105913,Kandy Proper,17/03/2023,18/03/2023
0.000135257,Kandy Proper,18/03/2023,19/03/2023
2.94E-05,Kandy Proper,19/03/2023,20/03/2023
,Kandy Proper,20/03/2023,21/03/2023
0.000216014,Kandy Proper,21/03/2023,22/03/2023
8.89E-05,Kandy Proper,22/03/2023,23/03/2023
4.11E-05,Kandy Proper,23/03/2023,24/03/2023
0.000195648,Kandy Proper,24/03/2023,25/03/2023
0.000225596,Kandy Proper,25/03/2023,26/03/2023
2.81E-05,Kandy Proper,26/03/2023,27/03/2023
0.000129957,Kandy Proper,27/03/2023,28/03/2023
0.000262965,Kandy Proper,28/03/2023,29/03/2023
0.000234967,Kandy Proper,29/03/2023,30/03/2023
8.40E-05,Kandy Proper,30/03/2023,31/03/2023
8.75E-05,Kandy Proper,31/03/2023,01/04/2023
7.11E-05,Kandy Proper,01/04/2023,02/04/2023
,Kandy Proper,02/04/2023,03/04/2023
2.71E-05,Kandy Proper,03/04/2023,04/04/2023
,Kandy Proper,04/04/2023,05/04/2023
9.31E-05,Kandy Proper,05/04/2023,06/04/2023
4.86E-05,Kandy Proper,06/04/2023,07/04/2023
0.00015959,Kandy Proper,07/04/2023,08/04/2023
,Kandy Proper,08/04/2023,09/04/2023
0.000117318,Kandy Proper,09/04/2023,10/04/2023
0.000112753,Kandy Proper,10/04/2023,11/04/2023
7.50E-05,Kandy Proper,11/04/2023,12/04/2023
0.000145362,Kandy Proper,12/04/2023,13/04/2023
9.69E-05,Kandy Proper,13/04/2023,14/04/2023
7.86E-05,Kandy Proper,14/04/2023,15/04/2023
,Kandy Proper,15/04/2023,16/04/2023
,Kandy Proper,16/04/2023,17/04/2023
0.000162744,Kandy Proper,17/04/2023,18/04/2023
5.34E-05,Kandy Proper,18/04/2023,19/04/2023
9.02E-05,Kandy Proper,19/04/2023,20/04/2023
8.50E-05,Kandy Proper,20/04/2023,21/04/2023
,Kandy Proper,21/04/2023,22/04/2023
,Kandy Proper,22/04/2023,23/04/2023
0.000184739,Kandy Proper,23/04/2023,24/04/2023
0.000165633,Kandy Proper,24/04/2023,25/04/2023
2.99E-05,Kandy Proper,25/04/2023,26/04/2023
,Kandy Proper,26/04/2023,27/04/2023
0.000142133,Kandy Proper,27/04/2023,28/04/2023
4.32E-05,Kandy Proper,28/04/2023,29/04/2023
,Kandy Proper,29/04/2023,30/04/2023
,Kandy Proper,30/04/2023,01/05/2023
,Kandy Proper,01/05/2023,02/05/2023
0.000193976,Kandy Proper,02/05/2023,03/05/2023
0.000144722,Kandy Proper,03/05/2023,04/05/2023
0.000124839,Kandy Proper,04/05/2023,05/05/2023
,Kandy Proper,05/05/2023,06/05/2023
,Kandy Proper,06/05/2023,07/05/2023
,Kandy Proper,07/05/2023,08/05/2023
0.000148095,Kandy Proper,08/05/2023,09/05/2023
,Kandy Proper,09/05/2023,10/05/2023
,Kandy Proper,10/05/2023,11/05/2023
,Kandy Proper,11/05/2023,12/05/2023
5.13E-05,Kandy Proper,12/05/2023,13/05/2023
0.000125757,Kandy Proper,13/05/2023,14/05/2023
,Kandy Proper,14/05/2023,15/05/2023
0.000165328,Kandy Proper,15/05/2023,16/05/2023
9.44E-05,Kandy Proper,16/05/2023,17/05/2023
0.00012759,Kandy Proper,17/05/2023,18/05/2023
,Kandy Proper,18/05/2023,19/05/2023
0.000169827,Kandy Proper,19/05/2023,20/05/2023
0.000225354,Kandy Proper,20/05/2023,21/05/2023
0.000172288,Kandy Proper,21/05/2023,22/05/2023
-2.40E-06,Kandy Proper,22/05/2023,23/05/2023
0.000117433,Kandy Proper,23/05/2023,24/05/2023
0.00016999,Kandy Proper,24/05/2023,25/05/2023
0.000133895,Kandy Proper,25/05/2023,26/05/2023
0.000214385,Kandy Proper,26/05/2023,27/05/2023
0.000170396,Kandy Proper,27/05/2023,28/05/2023
0.000157816,Kandy Proper,28/05/2023,29/05/2023
7.96E-05,Kandy Proper,29/05/2023,30/05/2023
0.000125979,Kandy Proper,30/05/2023,31/05/2023
0.00019428,Kandy Proper,31/05/2023,01/06/2023
0.000177619,Kandy Proper,01/06/2023,02/06/2023
,Kandy Proper,02/06/2023,03/06/2023
0.00015886,Kandy Proper,03/06/2023,04/06/2023
7.18E-05,Kandy Proper,04/06/2023,05/06/2023
0.00022131,Kandy Proper,05/06/2023,06/06/2023
0.000145711,Kandy Proper,06/06/2023,07/06/2023
,Kandy Proper,07/06/2023,08/06/2023
,Kandy Proper,08/06/2023,09/06/2023
-1.07E-06,Kandy Proper,09/06/2023,10/06/2023
7.82E-05,Kandy Proper,10/06/2023,11/06/2023
,Kandy Proper,11/06/2023,12/06/2023
,Kandy Proper,12/06/2023,13/06/2023
4.84E-05,Kandy Proper,13/06/2023,14/06/2023
,Kandy Proper,14/06/2023,15/06/2023
0.000118012,Kandy Proper,15/06/2023,16/06/2023
9.65E-05,Kandy Proper,16/06/2023,17/06/2023
0.000119606,Kandy Proper,17/06/2023,18/06/2023
,Kandy Proper,18/06/2023,19/06/2023
5.34E-05,Kandy Proper,19/06/2023,20/06/2023
6.29E-05,Kandy Proper,20/06/2023,21/06/2023
0.000156175,Kandy Proper,21/06/2023,22/06/2023
8.79E-05,Kandy Proper,22/06/2023,23/06/2023
,Kandy Proper,23/06/2023,24/06/2023
4.16E-05,Kandy Proper,24/06/2023,25/06/2023
,Kandy Proper,25/06/2023,26/06/2023
0.000132705,Kandy Proper,26/06/2023,27/06/2023
,Kandy Proper,27/06/2023,28/06/2023
,Kandy Proper,28/06/2023,29/06/2023
,Kandy Proper,29/06/2023,30/06/2023
,Kandy Proper,30/06/2023,01/07/2023
0.000122716,Kandy Proper,01/07/2023,02/07/2023
,Kandy Proper,02/07/2023,03/07/2023
,Kandy Proper,03/07/2023,04/07/2023
,Kandy Proper,04/07/2023,05/07/2023
,Kandy Proper,05/07/2023,06/07/2023
,Kandy Proper,06/07/2023,07/07/2023
,Kandy Proper,07/07/2023,08/07/2023
0.000121465,Kandy Proper,08/07/2023,09/07/2023
0.000180801,Kandy Proper,09/07/2023,10/07/2023
,Kandy Proper,10/07/2023,11/07/2023
-2.34E-05,Kandy Proper,11/07/2023,12/07/2023
0.000110942,Kandy Proper,12/07/2023,13/07/2023
0.000162549,Kandy Proper,13/07/2023,14/07/2023
,Kandy Proper,14/07/2023,15/07/2023
1.59E-05,Kandy Proper,15/07/2023,16/07/2023
1.98E-05,Kandy Proper,16/07/2023,17/07/2023
5.94E-05,Kandy Proper,17/07/2023,18/07/2023
6.62E-05,Kandy Proper,18/07/2023,19/07/2023
-6.67E-07,Kandy Proper,19/07/2023,20/07/2023
3.35E-05,Kandy Proper,20/07/2023,21/07/2023
2.49E-05,Kandy Proper,21/07/2023,22/07/2023
3.46E-05,Kandy Proper,22/07/2023,23/07/2023
0.00010402,Kandy Proper,23/07/2023,24/07/2023
,Kandy Proper,24/07/2023,25/07/2023
,Kandy Proper,25/07/2023,26/07/2023
,Kandy Proper,26/07/2023,27/07/2023
0.00012913,Kandy Proper,27/07/2023,28/07/2023
0.000156664,Kandy Proper,28/07/2023,29/07/2023
0.000127177,Kandy Proper,29/07/2023,30/07/2023
0.000107728,Kandy Proper,30/07/2023,31/07/2023
0.000108995,Kandy Proper,31/07/2023,01/08/2023
9.77E-05,Kandy Proper,01/08/2023,02/08/2023
0.000126645,Kandy Proper,02/08/2023,03/08/2023
6.16E-05,Kandy Proper,03/08/2023,04/08/2023
9.27E-05,Kandy Proper,04/08/2023,05/08/2023
0.000249417,Kandy Proper,05/08/2023,06/08/2023
0.000209797,Kandy Proper,06/08/2023,07/08/2023
0.000135929,Kandy Proper,07/08/2023,08/08/2023
0.000141321,Kandy Proper,08/08/2023,09/08/2023
8.70E-05,Kandy Proper,09/08/2023,10/08/2023
0.00010534,Kandy Proper,10/08/2023,11/08/2023
0.000148953,Kandy Proper,11/08/2023,12/08/2023
,Kandy Proper,12/08/2023,13/08/2023
0.000135427,Kandy Proper,13/08/2023,14/08/2023
-3.92E-06,Kandy Proper,14/08/2023,15/08/2023
0.000124663,Kandy Proper,15/08/2023,16/08/2023
6.86E-05,Kandy Proper,16/08/2023,17/08/2023
6.19E-05,Kandy Proper,17/08/2023,18/08/2023
0.000108939,Kandy Proper,18/08/2023,19/08/2023
0.000158323,Kandy Proper,19/08/2023,20/08/2023
0.000123787,Kandy Proper,20/08/2023,21/08/2023
0.000153266,Kandy Proper,21/08/2023,22/08/2023
0.000107892,Kandy Proper,22/08/2023,23/08/2023
7.36E-05,Kandy Proper,23/08/2023,24/08/2023
0.00014243,Kandy Proper,24/08/2023,25/08/2023
7.17E-05,Kandy Proper,25/08/2023,26/08/2023
8.40E-05,Kandy Proper,26/08/2023,27/08/2023
0.000111633,Kandy Proper,27/08/2023,28/08/2023
5.83E-05,Kandy Proper,28/08/2023,29/08/2023
,Kandy Proper,29/08/2023,30/08/2023
,Kandy Proper,30/08/2023,31/08/2023
,Kandy Proper,31/08/2023,01/09/2023
,Kandy Proper,01/09/2023,02/09/2023
,Kandy Proper,02/09/2023,03/09/2023
,Kandy Proper,03/09/2023,04/09/2023
,Kandy Proper,04/09/2023,05/09/2023
,Kandy Proper,05/09/2023,06/09/2023
,Kandy Proper,06/09/2023,07/09/2023
,Kandy Proper,07/09/2023,08/09/2023
,Kandy Proper,08/09/2023,09/09/2023
,Kandy Proper,09/09/2023,10/09/2023
,Kandy Proper,10/09/2023,11/09/2023
,Kandy Proper,11/09/2023,12/09/2023
,Kandy Proper,12/09/2023,13/09/2023
2.71E-05,Kandy Proper,13/09/2023,14/09/2023
,Kandy Proper,14/09/2023,15/09/2023
0.000167918,Kandy Proper,15/09/2023,16/09/2023
,Kandy Proper,16/09/2023,17/09/2023
,Kandy Proper,17/09/2023,18/09/2023
,Kandy Proper,18/09/2023,19/09/2023
,Kandy Proper,19/09/2023,20/09/2023
0.000145573,Kandy Proper,20/09/2023,21/09/2023
8.04E-05,Kandy Proper,21/09/2023,22/09/2023
,Kandy Proper,22/09/2023,23/09/2023
,Kandy Proper,23/09/2023,24/09/2023
0.000126143,Kandy Proper,24/09/2023,25/09/2023
,Kandy Proper,25/09/2023,26/09/2023
,Kandy Proper,26/09/2023,27/09/2023
,Kandy Proper,27/09/2023,28/09/2023
,Kandy Proper,28/09/2023,29/09/2023
,Kandy Proper,29/09/2023,30/09/2023
,Kandy Proper,30/09/2023,01/10/2023
0.000169609,Kandy Proper,01/10/2023,02/10/2023
,Kandy Proper,02/10/2023,03/10/2023
,Kandy Proper,03/10/2023,04/10/2023
,Kandy Proper,04/10/2023,05/10/2023
,Kandy Proper,05/10/2023,06/10/2023
1.59E-05,Kandy Proper,06/10/2023,07/10/2023
-1.91E-05,Kandy Proper,07/10/2023,08/10/2023
,Kandy Proper,08/10/2023,09/10/2023
,Kandy Proper,09/10/2023,10/10/2023
0.000147102,Kandy Proper,10/10/2023,11/10/2023
,Kandy Proper,11/10/2023,12/10/2023
,Kandy Proper,12/10/2023,13/10/2023
,Kandy Proper,13/10/2023,14/10/2023
,Kandy Proper,14/10/2023,15/10/2023
,Kandy Proper,15/10/2023,16/10/2023
2.05E-05,Kandy Proper,16/10/2023,17/10/2023
,Kandy Proper,17/10/2023,18/10/2023
,Kandy Proper,18/10/2023,19/10/2023
,Kandy Proper,19/10/2023,20/10/2023
,Kandy Proper,20/10/2023,21/10/2023
-0.000299703,Kandy Proper,21/10/2023,22/10/2023
,Kandy Proper,22/10/2023,23/10/2023
,Kandy Proper,23/10/2023,24/10/2023
,Kandy Proper,24/10/2023,25/10/2023
,Kandy Proper,25/10/2023,26/10/2023
0.000168493,Kandy Proper,26/10/2023,27/10/2023
0.000143746,Kandy Proper,27/10/2023,28/10/2023
2.57E-05,Kandy Proper,28/10/2023,29/10/2023
5.33E-05,Kandy Proper,29/10/2023,30/10/2023
,Kandy Proper,30/10/2023,31/10/2023
,Kandy Proper,31/10/2023,01/11/2023
0.000202815,Kandy Proper,01/11/2023,02/11/2023
,Kandy Proper,02/11/2023,03/11/2023
,Kandy Proper,03/11/2023,04/11/2023
,Kandy Proper,04/11/2023,05/11/2023
,Kandy Proper,05/11/2023,06/11/2023
0.000126053,Kandy Proper,06/11/2023,07/11/2023
0.00024464,Kandy Proper,07/11/2023,08/11/2023
0.000124854,Kandy Proper,08/11/2023,09/11/2023
,Kandy Proper,09/11/2023,10/11/2023
7.51E-06,Kandy Proper,10/11/2023,11/11/2023
3.85E-05,Kandy Proper,11/11/2023,12/11/2023
,Kandy Proper,12/11/2023,13/11/2023
,Kandy Proper,13/11/2023,14/11/2023
,Kandy Proper,14/11/2023,15/11/2023
,Kandy Proper,15/11/2023,16/11/2023
0.000190684,Kandy Proper,16/11/2023,17/11/2023
0.000135312,Kandy Proper,17/11/2023,18/11/2023
,Kandy Proper,18/11/2023,19/11/2023
,Kandy Proper,19/11/2023,20/11/2023
0.000262056,Kandy Proper,20/11/2023,21/11/2023
,Kandy Proper,21/11/2023,22/11/2023
,Kandy Proper,22/11/2023,23/11/2023
0.000144498,Kandy Proper,23/11/2023,24/11/2023
,Kandy Proper,24/11/2023,25/11/2023
7.28E-06,Kandy Proper,25/11/2023,26/11/2023
,Kandy Proper,26/11/2023,27/11/2023
,Kandy Proper,27/11/2023,28/11/2023
,Kandy Proper,28/11/2023,29/11/2023
,Kandy Proper,29/11/2023,30/11/2023
,Kandy Proper,30/11/2023,01/12/2023
,Kandy Proper,01/12/2023,02/12/2023
,Kandy Proper,02/12/2023,03/12/2023
,Kandy Proper,03/12/2023,04/12/2023
,Kandy Proper,04/12/2023,05/12/2023
,Kandy Proper,05/12/2023,06/12/2023
7.42E-05,Kandy Proper,06/12/2023,07/12/2023
0.000115811,Kandy Proper,07/12/2023,08/12/2023
-9.04E-05,Kandy Proper,08/12/2023,09/12/2023
,Kandy Proper,09/12/2023,10/12/2023
,Kandy Proper,10/12/2023,11/12/2023
0.000261144,Kandy Proper,11/12/2023,12/12/2023
,Kandy Proper,12/12/2023,13/12/2023
-2.97E-05,Kandy Proper,13/12/2023,14/12/2023
,Kandy Proper,14/12/2023,15/12/2023
,Kandy Proper,15/12/2023,16/12/2023
,Kandy Proper,16/12/2023,17/12/2023
-3.54E-05,Kandy Proper,17/12/2023,18/12/2023
,Kandy Proper,18/12/2023,19/12/2023
,Kandy Proper,19/12/2023,20/12/2023
,Kandy Proper,20/12/2023,21/12/2023
0.000113864,Kandy Proper,21/12/2023,22/12/2023
-6.90E-06,Kandy Proper,22/12/2023,23/12/2023
0.000116311,Kandy Proper,23/12/2023,24/12/2023
,Kandy Proper,24/12/2023,25/12/2023
,Kandy Proper,25/12/2023,26/12/2023
,Kandy Proper,26/12/2023,27/12/2023
,Kandy Proper,27/12/2023,28/12/2023
,Kandy Proper,28/12/2023,29/12/2023
,Kandy Proper,29/12/2023,30/12/2023
5.59E-05,Kandy Proper,30/12/2023,31/12/2023
,Kandy Proper,31/12/2023,01/01/2024
